id,short_code,classification,type,size,color,description_main,description_extra,manufacturer,part_number,description,short_name,kicad_reference,id_no_class,id_no_type,oomp_key,github_link,directory,name,short_code_upper,md5,md5_5,md5_5_upper,md5_6,md5_6_upper,md5_10,md5_10_upper,type_first_letter,type_first_letter_upper,size_only_numbers,size_only_numbers_no_zeros,color_upper,color_first_letter,color_first_letter_upper,description_only_numbers,description_only_numbers_short,description_or_color,description_or_color_upper,markdown_full,markdown_short,footprint_0_link,footprint_0_oomp_key,footprint_0_directory,symbol_0_link,symbol_0_oomp_key,symbol_0_directory,pins_pin_1_name,pins_pin_1_number,pins_pin_1_type,pins_pin_1,pins_pin_2_name,pins_pin_2_number,pins_pin_2_type,pins_pin_2,pins_pin_3_name,pins_pin_3_number,pins_pin_3_type,pins_pin_3,pins_pin_4_name,pins_pin_4_number,pins_pin_4_type,pins_pin_4,pins_pin_5_name,pins_pin_5_number,pins_pin_5_type,pins_pin_5,pins_pin_6_name,pins_pin_6_number,pins_pin_6_type,pins_pin_6,pins_pin_7_name,pins_pin_7_number,pins_pin_7_type,pins_pin_7,pins_pin_8_name,pins_pin_8_number,pins_pin_8_type,pins_pin_8,pins_pin_9_name,pins_pin_9_number,pins_pin_9_type,pins_pin_9,pins_pin_10_name,pins_pin_10_number,pins_pin_10_type,pins_pin_10,pins_pin_11_name,pins_pin_11_number,pins_pin_11_type,pins_pin_11,pins_pin_12_name,pins_pin_12_number,pins_pin_12_type,pins_pin_12,pins_pin_13_name,pins_pin_13_number,pins_pin_13_type,pins_pin_13,pins_pin_14_name,pins_pin_14_number,pins_pin_14_type,pins_pin_14,pins_pin_15_name,pins_pin_15_number,pins_pin_15_type,pins_pin_15,pins_pin_16_name,pins_pin_16_number,pins_pin_16_type,pins_pin_16,pins_pin_17_name,pins_pin_17_number,pins_pin_17_type,pins_pin_17,pins_pin_18_name,pins_pin_18_number,pins_pin_18_type,pins_pin_18,pins_pin_19_name,pins_pin_19_number,pins_pin_19_type,pins_pin_19,pins_pin_20_name,pins_pin_20_number,pins_pin_20_type,pins_pin_20,pins_pin_21_name,pins_pin_21_number,pins_pin_21_type,pins_pin_21,pins_pin_22_name,pins_pin_22_number,pins_pin_22_type,pins_pin_22,pins_pin_23_name,pins_pin_23_number,pins_pin_23_type,pins_pin_23,pins_pin_24_name,pins_pin_24_number,pins_pin_24_type,pins_pin_24,pins_pin_25_name,pins_pin_25_number,pins_pin_25_type,pins_pin_25,pins_pin_26_name,pins_pin_26_number,pins_pin_26_type,pins_pin_26,pins_pin_27_name,pins_pin_27_number,pins_pin_27_type,pins_pin_27,pins_pin_28_name,pins_pin_28_number,pins_pin_28_type,pins_pin_28,pins_pin_29_name,pins_pin_29_number,pins_pin_29_type,pins_pin_29,pins_pin_30_name,pins_pin_30_number,pins_pin_30_type,pins_pin_30,pins,distributors_0_name,distributors_0_part_number,distributors_0_link,distributors_0_id,manufacturers_0_name,manufacturers_0_part_number,manufacturers_0_link,manufacturers_0_id,manufacturers_1_name,manufacturers_1_part_number,manufacturers_1_link,manufacturers_1_id,package_style,smd_tape_width,smd_tape_depth,smd_tape_pitch,distributors_1_name,distributors_1_part_number,distributors_1_link,distributors_1_id,manufacturers_2_name,manufacturers_2_part_number,manufacturers_2_link,manufacturers_2_id,footprint_1_link,footprint_1_oomp_key,footprint_1_directory,symbol_1_link,symbol_1_oomp_key,symbol_1_directory,manufacturers_0_note_reason,manufacturers_0_note_reason_short,manufacturers_0_note,manufacturers_1_note_reason,manufacturers_1_note_reason_short,manufacturers_1_note,manufacturers_2_note_reason,manufacturers_2_note_reason_short,manufacturers_2_note,distributors_2_name,distributors_2_part_number,distributors_2_link,distributors_2_id
electronic_led_0603_white,l6w,electronic,led,0603,white,,,,,,0603 White Led,L,led_0603_white,0603_white,oomp_electronic_led_0603_white,https://github.com/oomlout/oomlout_oomp_part_src/tree/main/parts/electronic_led_0603_white/working,parts/electronic_led_0603_white,Electronic Led 0603 White,L6W,38354b7df7b71e990bfa750bcdf943fd,38354,38354,38354b,38354B,38354b7df7,38354B7DF7,l,L,0603,63,WHITE,w,W,, ,w ,W ,[electronic_led_0603_white](https://github.com/oomlout/oomlout_oomp_part_src/tree/main/parts/electronic_led_0603_white/working)<br>[l6w](https://github.com/oomlout/oomlout_oomp_part_src/tree/main/parts/electronic_led_0603_white/working)<br>[Electronic Led 0603 White](https://github.com/oomlout/oomlout_oomp_part_src/tree/main/parts/electronic_led_0603_white/working)<br>[LCSC - C965808<br>](https://lcsc.com/product-detail/C965808.html)<br>[XINGLIGHT - XL-1608UWC-04]() [(L)  ](https://www.lcsc.com/search?q=XL-1608UWC-04)[(D)  ](https://www.digikey.com/en/products?keywords=XL-1608UWC-04)[(M)  ](https://www.mouser.com/Search/Refine?Keyword=XL-1608UWC-04)[(N)  ](https://www.newark.com/search?st=XL-1608UWC-04)[(SZ)  ](https://so.szlcsc.com/global.html?k=XL-1608UWC-04)<br>,[electronic_led_0603_white](https://github.com/oomlout/oomlout_oomp_part_src/tree/main/parts/electronic_led_0603_white/working)<br>[LCSC - C965808<br>](https://lcsc.com/product-detail/C965808.html)<br>[XINGLIGHT - XL-1608UWC-04](),https://github.com/oomlout/oomlout_oomp_footprint_bot/tree/main/foootprntss/kicad_led_smd_led_0603_1608metric,oomp_kicad_led_smd_led_0603_1608metric,oomlout_oomp_footprint_bot/footprints/kicad_led_smd_led_0603_1608metric//working/working.kicad_mod,https://github.com/oomlout/oomlout_oomp_symbol_bot/tree/main/symbols/kicad_device_led,oomp_kicad_device_led,oomlout_oomp_symbol_bot/symbols/kicad_device_led//working/working.kicad_sym,,,,,,,,,,,,,,,,,,,,,,,,,,,,,,,,,,,,,,,,,,,,,,,,,,,,,,,,,,,,,,,,,,,,,,,,,,,,,,,,,,,,,,,,,,,,,,,,,,,,,,,,,,,,,,,,,,,,,,,,,,LCSC,C965808,https://lcsc.com/product-detail/C965808.html,distributor_lcsc,XINGLIGHT,XL-1608UWC-04,,manufacturer_xinglight,,,,,smd_tape,8_mm,1_5_mm,4_mm,,,,,,,,,,,,,,,,,,,,,,,,,,,
electronic_resistor_0603_27_ohm,r6o270,electronic,resistor,0603,,27_ohm,,,,,,R,resistor_0603_27_ohm,0603_27_ohm,oomp_electronic_resistor_0603_27_ohm,https://github.com/oomlout/oomlout_oomp_part_src/tree/main/parts/electronic_resistor_0603_27_ohm/working,parts/electronic_resistor_0603_27_ohm,Electronic Resistor 0603 27 Ohm,R6O270,e595d51196291047fe02e340c3d9d489,e595d,E595D,e595d5,E595D5,e595d51196,E595D51196,r,R,0603,63,,,,27,27,27,27,[electronic_resistor_0603_27_ohm](https://github.com/oomlout/oomlout_oomp_part_src/tree/main/parts/electronic_resistor_0603_27_ohm/working)<br>[r6o270](https://github.com/oomlout/oomlout_oomp_part_src/tree/main/parts/electronic_resistor_0603_27_ohm/working)<br>[Electronic Resistor 0603 27 Ohm](https://github.com/oomlout/oomlout_oomp_part_src/tree/main/parts/electronic_resistor_0603_27_ohm/working)<br><br>[Uniroyal - 0603WAJ0270T5E- not in jlc basic parts]() [(L)  ](https://www.lcsc.com/search?q=0603WAJ0270T5E)[(D)  ](https://www.digikey.com/en/products?keywords=0603WAJ0270T5E)[(M)  ](https://www.mouser.com/Search/Refine?Keyword=0603WAJ0270T5E)[(N)  ](https://www.newark.com/search?st=0603WAJ0270T5E)[(SZ)  ](https://so.szlcsc.com/global.html?k=0603WAJ0270T5E)<br>[Uniroyal - 0603WAF027-1T5E- jlc basic part]() [(L)  ](https://www.lcsc.com/search?q=0603WAF027-1T5E)[(D)  ](https://www.digikey.com/en/products?keywords=0603WAF027-1T5E)[(M)  ](https://www.mouser.com/Search/Refine?Keyword=0603WAF027-1T5E)[(N)  ](https://www.newark.com/search?st=0603WAF027-1T5E)[(SZ)  ](https://so.szlcsc.com/global.html?k=0603WAF027-1T5E)<br>[Yageo - RC0603JR-0727RL- available everywhere](https://www.yageo.com/en/Chart/Download/pdf/RC0603JR-0727RL) [(L)  ](https://www.lcsc.com/search?q=RC0603JR-0727RL)[(D)  ](https://www.digikey.com/en/products?keywords=RC0603JR-0727RL)[(M)  ](https://www.mouser.com/Search/Refine?Keyword=RC0603JR-0727RL)[(N)  ](https://www.newark.com/search?st=RC0603JR-0727RL)[(SZ)  ](https://so.szlcsc.com/global.html?k=RC0603JR-0727RL)<br>,[electronic_resistor_0603_27_ohm](https://github.com/oomlout/oomlout_oomp_part_src/tree/main/parts/electronic_resistor_0603_27_ohm/working)<br><br>[Uniroyal - 0603WAJ0270T5E- not in jlc basic parts]()[Uniroyal - 0603WAF027-1T5E- jlc basic part]()[Yageo - RC0603JR-0727RL- available everywhere](https://www.yageo.com/en/Chart/Download/pdf/RC0603JR-0727RL),https://github.com/oomlout/oomlout_oomp_footprint_bot/tree/main/foootprntss/kicad_resistor_smd_r_0603_1608metric,oomp_kicad_resistor_smd_r_0603_1608metric,oomlout_oomp_footprint_bot/footprints/kicad_resistor_smd_r_0603_1608metric//working/working.kicad_mod,https://github.com/oomlout/oomlout_oomp_symbol_bot/tree/main/symbols/kicad_device_r,oomp_kicad_device_r,oomlout_oomp_symbol_bot/symbols/kicad_device_r//working/working.kicad_sym,,,,,,,,,,,,,,,,,,,,,,,,,,,,,,,,,,,,,,,,,,,,,,,,,,,,,,,,,,,,,,,,,,,,,,,,,,,,,,,,,,,,,,,,,,,,,,,,,,,,,,,,,,,,,,,,,,,,,,,,,,,,,,Uniroyal,0603WAJ0270T5E,,manufacturer_uniroyal,Uniroyal,0603WAF027-1T5E,,manufacturer_uniroyal,smd_tape,8_mm,1_5_mm,4_mm,,,,,Yageo,RC0603JR-0727RL,https://www.yageo.com/en/Chart/Download/pdf/RC0603JR-0727RL,manufacturer_yageo,,,,,,,"did this one first, but not in jlc pcb basic parts and 1 percent are and they are the same price",not in jlc basic parts,"{'reason': 'did this one first, but not in jlc pcb basic parts and 1 percent are and they are the same price', 'reason_short': 'not in jlc basic parts'}",in the jlc basic parts catalogue,jlc basic part,"{'reason': 'in the jlc basic parts catalogue', 'reason_short': 'jlc basic part'}",yageo is a commonly cross referenced part number,available everywhere,"{'reason': 'yageo is a commonly cross referenced part number', 'reason_short': 'available everywhere'}",,,,
electronic_resistor_0603_68_ohm,r6o680,electronic,resistor,0603,,68_ohm,,,,,,R,resistor_0603_68_ohm,0603_68_ohm,oomp_electronic_resistor_0603_68_ohm,https://github.com/oomlout/oomlout_oomp_part_src/tree/main/parts/electronic_resistor_0603_68_ohm/working,parts/electronic_resistor_0603_68_ohm,Electronic Resistor 0603 68 Ohm,R6O680,e9d76e74a0491580aa3cf15c25b95642,e9d76,E9D76,e9d76e,E9D76E,e9d76e74a0,E9D76E74A0,r,R,0603,63,,,,68,68,68,68,[electronic_resistor_0603_68_ohm](https://github.com/oomlout/oomlout_oomp_part_src/tree/main/parts/electronic_resistor_0603_68_ohm/working)<br>[r6o680](https://github.com/oomlout/oomlout_oomp_part_src/tree/main/parts/electronic_resistor_0603_68_ohm/working)<br>[Electronic Resistor 0603 68 Ohm](https://github.com/oomlout/oomlout_oomp_part_src/tree/main/parts/electronic_resistor_0603_68_ohm/working)<br><br>[Uniroyal - 0603WAJ0680T5E- not in jlc basic parts]() [(L)  ](https://www.lcsc.com/search?q=0603WAJ0680T5E)[(D)  ](https://www.digikey.com/en/products?keywords=0603WAJ0680T5E)[(M)  ](https://www.mouser.com/Search/Refine?Keyword=0603WAJ0680T5E)[(N)  ](https://www.newark.com/search?st=0603WAJ0680T5E)[(SZ)  ](https://so.szlcsc.com/global.html?k=0603WAJ0680T5E)<br>[Uniroyal - 0603WAF068-1T5E- jlc basic part]() [(L)  ](https://www.lcsc.com/search?q=0603WAF068-1T5E)[(D)  ](https://www.digikey.com/en/products?keywords=0603WAF068-1T5E)[(M)  ](https://www.mouser.com/Search/Refine?Keyword=0603WAF068-1T5E)[(N)  ](https://www.newark.com/search?st=0603WAF068-1T5E)[(SZ)  ](https://so.szlcsc.com/global.html?k=0603WAF068-1T5E)<br>[Yageo - RC0603JR-0768RL- available everywhere](https://www.yageo.com/en/Chart/Download/pdf/RC0603JR-0768RL) [(L)  ](https://www.lcsc.com/search?q=RC0603JR-0768RL)[(D)  ](https://www.digikey.com/en/products?keywords=RC0603JR-0768RL)[(M)  ](https://www.mouser.com/Search/Refine?Keyword=RC0603JR-0768RL)[(N)  ](https://www.newark.com/search?st=RC0603JR-0768RL)[(SZ)  ](https://so.szlcsc.com/global.html?k=RC0603JR-0768RL)<br>,[electronic_resistor_0603_68_ohm](https://github.com/oomlout/oomlout_oomp_part_src/tree/main/parts/electronic_resistor_0603_68_ohm/working)<br><br>[Uniroyal - 0603WAJ0680T5E- not in jlc basic parts]()[Uniroyal - 0603WAF068-1T5E- jlc basic part]()[Yageo - RC0603JR-0768RL- available everywhere](https://www.yageo.com/en/Chart/Download/pdf/RC0603JR-0768RL),https://github.com/oomlout/oomlout_oomp_footprint_bot/tree/main/foootprntss/kicad_resistor_smd_r_0603_1608metric,oomp_kicad_resistor_smd_r_0603_1608metric,oomlout_oomp_footprint_bot/footprints/kicad_resistor_smd_r_0603_1608metric//working/working.kicad_mod,https://github.com/oomlout/oomlout_oomp_symbol_bot/tree/main/symbols/kicad_device_r,oomp_kicad_device_r,oomlout_oomp_symbol_bot/symbols/kicad_device_r//working/working.kicad_sym,,,,,,,,,,,,,,,,,,,,,,,,,,,,,,,,,,,,,,,,,,,,,,,,,,,,,,,,,,,,,,,,,,,,,,,,,,,,,,,,,,,,,,,,,,,,,,,,,,,,,,,,,,,,,,,,,,,,,,,,,,,,,,Uniroyal,0603WAJ0680T5E,,manufacturer_uniroyal,Uniroyal,0603WAF068-1T5E,,manufacturer_uniroyal,smd_tape,8_mm,1_5_mm,4_mm,,,,,Yageo,RC0603JR-0768RL,https://www.yageo.com/en/Chart/Download/pdf/RC0603JR-0768RL,manufacturer_yageo,,,,,,,"did this one first, but not in jlc pcb basic parts and 1 percent are and they are the same price",not in jlc basic parts,"{'reason': 'did this one first, but not in jlc pcb basic parts and 1 percent are and they are the same price', 'reason_short': 'not in jlc basic parts'}",in the jlc basic parts catalogue,jlc basic part,"{'reason': 'in the jlc basic parts catalogue', 'reason_short': 'jlc basic part'}",yageo is a commonly cross referenced part number,available everywhere,"{'reason': 'yageo is a commonly cross referenced part number', 'reason_short': 'available everywhere'}",,,,
electronic_resistor_0603_220_ohm,r6o221,electronic,resistor,0603,,220_ohm,,,,,,R,resistor_0603_220_ohm,0603_220_ohm,oomp_electronic_resistor_0603_220_ohm,https://github.com/oomlout/oomlout_oomp_part_src/tree/main/parts/electronic_resistor_0603_220_ohm/working,parts/electronic_resistor_0603_220_ohm,Electronic Resistor 0603 220 Ohm,R6O221,0fe784240d0f7d5415a100c0e85df134,0fe78,0FE78,0fe784,0FE784,0fe784240d,0FE784240D,r,R,0603,63,,,,220,220,220,220,[electronic_resistor_0603_220_ohm](https://github.com/oomlout/oomlout_oomp_part_src/tree/main/parts/electronic_resistor_0603_220_ohm/working)<br>[r6o221](https://github.com/oomlout/oomlout_oomp_part_src/tree/main/parts/electronic_resistor_0603_220_ohm/working)<br>[Electronic Resistor 0603 220 Ohm](https://github.com/oomlout/oomlout_oomp_part_src/tree/main/parts/electronic_resistor_0603_220_ohm/working)<br><br>[Uniroyal - 0603WAJ0221T5E- not in jlc basic parts]() [(L)  ](https://www.lcsc.com/search?q=0603WAJ0221T5E)[(D)  ](https://www.digikey.com/en/products?keywords=0603WAJ0221T5E)[(M)  ](https://www.mouser.com/Search/Refine?Keyword=0603WAJ0221T5E)[(N)  ](https://www.newark.com/search?st=0603WAJ0221T5E)[(SZ)  ](https://so.szlcsc.com/global.html?k=0603WAJ0221T5E)<br>[Uniroyal - 0603WAF2200T5E- jlc basic part]() [(L)  ](https://www.lcsc.com/search?q=0603WAF2200T5E)[(D)  ](https://www.digikey.com/en/products?keywords=0603WAF2200T5E)[(M)  ](https://www.mouser.com/Search/Refine?Keyword=0603WAF2200T5E)[(N)  ](https://www.newark.com/search?st=0603WAF2200T5E)[(SZ)  ](https://so.szlcsc.com/global.html?k=0603WAF2200T5E)<br>[Yageo - RC0603JR-07220RL- available everywhere](https://www.yageo.com/en/Chart/Download/pdf/RC0603JR-07220RL) [(L)  ](https://www.lcsc.com/search?q=RC0603JR-07220RL)[(D)  ](https://www.digikey.com/en/products?keywords=RC0603JR-07220RL)[(M)  ](https://www.mouser.com/Search/Refine?Keyword=RC0603JR-07220RL)[(N)  ](https://www.newark.com/search?st=RC0603JR-07220RL)[(SZ)  ](https://so.szlcsc.com/global.html?k=RC0603JR-07220RL)<br>,[electronic_resistor_0603_220_ohm](https://github.com/oomlout/oomlout_oomp_part_src/tree/main/parts/electronic_resistor_0603_220_ohm/working)<br><br>[Uniroyal - 0603WAJ0221T5E- not in jlc basic parts]()[Uniroyal - 0603WAF2200T5E- jlc basic part]()[Yageo - RC0603JR-07220RL- available everywhere](https://www.yageo.com/en/Chart/Download/pdf/RC0603JR-07220RL),https://github.com/oomlout/oomlout_oomp_footprint_bot/tree/main/foootprntss/kicad_resistor_smd_r_0603_1608metric,oomp_kicad_resistor_smd_r_0603_1608metric,oomlout_oomp_footprint_bot/footprints/kicad_resistor_smd_r_0603_1608metric//working/working.kicad_mod,https://github.com/oomlout/oomlout_oomp_symbol_bot/tree/main/symbols/kicad_device_r,oomp_kicad_device_r,oomlout_oomp_symbol_bot/symbols/kicad_device_r//working/working.kicad_sym,,,,,,,,,,,,,,,,,,,,,,,,,,,,,,,,,,,,,,,,,,,,,,,,,,,,,,,,,,,,,,,,,,,,,,,,,,,,,,,,,,,,,,,,,,,,,,,,,,,,,,,,,,,,,,,,,,,,,,,,,,,,,,Uniroyal,0603WAJ0221T5E,,manufacturer_uniroyal,Uniroyal,0603WAF2200T5E,,manufacturer_uniroyal,smd_tape,8_mm,1_5_mm,4_mm,,,,,Yageo,RC0603JR-07220RL,https://www.yageo.com/en/Chart/Download/pdf/RC0603JR-07220RL,manufacturer_yageo,,,,,,,"did this one first, but not in jlc pcb basic parts and 1 percent are and they are the same price",not in jlc basic parts,"{'reason': 'did this one first, but not in jlc pcb basic parts and 1 percent are and they are the same price', 'reason_short': 'not in jlc basic parts'}",in the jlc basic parts catalogue,jlc basic part,"{'reason': 'in the jlc basic parts catalogue', 'reason_short': 'jlc basic part'}",yageo is a commonly cross referenced part number,available everywhere,"{'reason': 'yageo is a commonly cross referenced part number', 'reason_short': 'available everywhere'}",,,,
electronic_resistor_0603_270_ohm,r6o271,electronic,resistor,0603,,270_ohm,,,,,,R,resistor_0603_270_ohm,0603_270_ohm,oomp_electronic_resistor_0603_270_ohm,https://github.com/oomlout/oomlout_oomp_part_src/tree/main/parts/electronic_resistor_0603_270_ohm/working,parts/electronic_resistor_0603_270_ohm,Electronic Resistor 0603 270 Ohm,R6O271,a1e4a9296ab2da74a9b8302510b1d429,a1e4a,A1E4A,a1e4a9,A1E4A9,a1e4a9296a,A1E4A9296A,r,R,0603,63,,,,270,270,270,270,[electronic_resistor_0603_270_ohm](https://github.com/oomlout/oomlout_oomp_part_src/tree/main/parts/electronic_resistor_0603_270_ohm/working)<br>[r6o271](https://github.com/oomlout/oomlout_oomp_part_src/tree/main/parts/electronic_resistor_0603_270_ohm/working)<br>[Electronic Resistor 0603 270 Ohm](https://github.com/oomlout/oomlout_oomp_part_src/tree/main/parts/electronic_resistor_0603_270_ohm/working)<br><br>[Uniroyal - 0603WAJ0271T5E- not in jlc basic parts]() [(L)  ](https://www.lcsc.com/search?q=0603WAJ0271T5E)[(D)  ](https://www.digikey.com/en/products?keywords=0603WAJ0271T5E)[(M)  ](https://www.mouser.com/Search/Refine?Keyword=0603WAJ0271T5E)[(N)  ](https://www.newark.com/search?st=0603WAJ0271T5E)[(SZ)  ](https://so.szlcsc.com/global.html?k=0603WAJ0271T5E)<br>[Uniroyal - 0603WAF2700T5E- jlc basic part]() [(L)  ](https://www.lcsc.com/search?q=0603WAF2700T5E)[(D)  ](https://www.digikey.com/en/products?keywords=0603WAF2700T5E)[(M)  ](https://www.mouser.com/Search/Refine?Keyword=0603WAF2700T5E)[(N)  ](https://www.newark.com/search?st=0603WAF2700T5E)[(SZ)  ](https://so.szlcsc.com/global.html?k=0603WAF2700T5E)<br>[Yageo - RC0603JR-07270RL- available everywhere](https://www.yageo.com/en/Chart/Download/pdf/RC0603JR-07270RL) [(L)  ](https://www.lcsc.com/search?q=RC0603JR-07270RL)[(D)  ](https://www.digikey.com/en/products?keywords=RC0603JR-07270RL)[(M)  ](https://www.mouser.com/Search/Refine?Keyword=RC0603JR-07270RL)[(N)  ](https://www.newark.com/search?st=RC0603JR-07270RL)[(SZ)  ](https://so.szlcsc.com/global.html?k=RC0603JR-07270RL)<br>,[electronic_resistor_0603_270_ohm](https://github.com/oomlout/oomlout_oomp_part_src/tree/main/parts/electronic_resistor_0603_270_ohm/working)<br><br>[Uniroyal - 0603WAJ0271T5E- not in jlc basic parts]()[Uniroyal - 0603WAF2700T5E- jlc basic part]()[Yageo - RC0603JR-07270RL- available everywhere](https://www.yageo.com/en/Chart/Download/pdf/RC0603JR-07270RL),https://github.com/oomlout/oomlout_oomp_footprint_bot/tree/main/foootprntss/kicad_resistor_smd_r_0603_1608metric,oomp_kicad_resistor_smd_r_0603_1608metric,oomlout_oomp_footprint_bot/footprints/kicad_resistor_smd_r_0603_1608metric//working/working.kicad_mod,https://github.com/oomlout/oomlout_oomp_symbol_bot/tree/main/symbols/kicad_device_r,oomp_kicad_device_r,oomlout_oomp_symbol_bot/symbols/kicad_device_r//working/working.kicad_sym,,,,,,,,,,,,,,,,,,,,,,,,,,,,,,,,,,,,,,,,,,,,,,,,,,,,,,,,,,,,,,,,,,,,,,,,,,,,,,,,,,,,,,,,,,,,,,,,,,,,,,,,,,,,,,,,,,,,,,,,,,,,,,Uniroyal,0603WAJ0271T5E,,manufacturer_uniroyal,Uniroyal,0603WAF2700T5E,,manufacturer_uniroyal,smd_tape,8_mm,1_5_mm,4_mm,,,,,Yageo,RC0603JR-07270RL,https://www.yageo.com/en/Chart/Download/pdf/RC0603JR-07270RL,manufacturer_yageo,,,,,,,"did this one first, but not in jlc pcb basic parts and 1 percent are and they are the same price",not in jlc basic parts,"{'reason': 'did this one first, but not in jlc pcb basic parts and 1 percent are and they are the same price', 'reason_short': 'not in jlc basic parts'}",in the jlc basic parts catalogue,jlc basic part,"{'reason': 'in the jlc basic parts catalogue', 'reason_short': 'jlc basic part'}",yageo is a commonly cross referenced part number,available everywhere,"{'reason': 'yageo is a commonly cross referenced part number', 'reason_short': 'available everywhere'}",,,,
electronic_resistor_0603_2700_ohm,r6o272,electronic,resistor,0603,,2700_ohm,,,,,,R,resistor_0603_2700_ohm,0603_2700_ohm,oomp_electronic_resistor_0603_2700_ohm,https://github.com/oomlout/oomlout_oomp_part_src/tree/main/parts/electronic_resistor_0603_2700_ohm/working,parts/electronic_resistor_0603_2700_ohm,Electronic Resistor 0603 2700 Ohm,R6O272,aa96c6374435919a1464d5820cc94c70,aa96c,AA96C,aa96c6,AA96C6,aa96c63744,AA96C63744,r,R,0603,63,,,,2700,2k7,2k7,2K7,[electronic_resistor_0603_2700_ohm](https://github.com/oomlout/oomlout_oomp_part_src/tree/main/parts/electronic_resistor_0603_2700_ohm/working)<br>[r6o272](https://github.com/oomlout/oomlout_oomp_part_src/tree/main/parts/electronic_resistor_0603_2700_ohm/working)<br>[Electronic Resistor 0603 2700 Ohm](https://github.com/oomlout/oomlout_oomp_part_src/tree/main/parts/electronic_resistor_0603_2700_ohm/working)<br><br>[Uniroyal - 0603WAJ0272T5E- not in jlc basic parts]() [(L)  ](https://www.lcsc.com/search?q=0603WAJ0272T5E)[(D)  ](https://www.digikey.com/en/products?keywords=0603WAJ0272T5E)[(M)  ](https://www.mouser.com/Search/Refine?Keyword=0603WAJ0272T5E)[(N)  ](https://www.newark.com/search?st=0603WAJ0272T5E)[(SZ)  ](https://so.szlcsc.com/global.html?k=0603WAJ0272T5E)<br>[Uniroyal - 0603WAF2701T5E- jlc basic part]() [(L)  ](https://www.lcsc.com/search?q=0603WAF2701T5E)[(D)  ](https://www.digikey.com/en/products?keywords=0603WAF2701T5E)[(M)  ](https://www.mouser.com/Search/Refine?Keyword=0603WAF2701T5E)[(N)  ](https://www.newark.com/search?st=0603WAF2701T5E)[(SZ)  ](https://so.szlcsc.com/global.html?k=0603WAF2701T5E)<br>[Yageo - RC0603JR-072K7L- available everywhere](https://www.yageo.com/en/Chart/Download/pdf/RC0603JR-072K7L) [(L)  ](https://www.lcsc.com/search?q=RC0603JR-072K7L)[(D)  ](https://www.digikey.com/en/products?keywords=RC0603JR-072K7L)[(M)  ](https://www.mouser.com/Search/Refine?Keyword=RC0603JR-072K7L)[(N)  ](https://www.newark.com/search?st=RC0603JR-072K7L)[(SZ)  ](https://so.szlcsc.com/global.html?k=RC0603JR-072K7L)<br>,[electronic_resistor_0603_2700_ohm](https://github.com/oomlout/oomlout_oomp_part_src/tree/main/parts/electronic_resistor_0603_2700_ohm/working)<br><br>[Uniroyal - 0603WAJ0272T5E- not in jlc basic parts]()[Uniroyal - 0603WAF2701T5E- jlc basic part]()[Yageo - RC0603JR-072K7L- available everywhere](https://www.yageo.com/en/Chart/Download/pdf/RC0603JR-072K7L),https://github.com/oomlout/oomlout_oomp_footprint_bot/tree/main/foootprntss/kicad_resistor_smd_r_0603_1608metric,oomp_kicad_resistor_smd_r_0603_1608metric,oomlout_oomp_footprint_bot/footprints/kicad_resistor_smd_r_0603_1608metric//working/working.kicad_mod,https://github.com/oomlout/oomlout_oomp_symbol_bot/tree/main/symbols/kicad_device_r,oomp_kicad_device_r,oomlout_oomp_symbol_bot/symbols/kicad_device_r//working/working.kicad_sym,,,,,,,,,,,,,,,,,,,,,,,,,,,,,,,,,,,,,,,,,,,,,,,,,,,,,,,,,,,,,,,,,,,,,,,,,,,,,,,,,,,,,,,,,,,,,,,,,,,,,,,,,,,,,,,,,,,,,,,,,,,,,,Uniroyal,0603WAJ0272T5E,,manufacturer_uniroyal,Uniroyal,0603WAF2701T5E,,manufacturer_uniroyal,smd_tape,8_mm,1_5_mm,4_mm,,,,,Yageo,RC0603JR-072K7L,https://www.yageo.com/en/Chart/Download/pdf/RC0603JR-072K7L,manufacturer_yageo,,,,,,,"did this one first, but not in jlc pcb basic parts and 1 percent are and they are the same price",not in jlc basic parts,"{'reason': 'did this one first, but not in jlc pcb basic parts and 1 percent are and they are the same price', 'reason_short': 'not in jlc basic parts'}",in the jlc basic parts catalogue,jlc basic part,"{'reason': 'in the jlc basic parts catalogue', 'reason_short': 'jlc basic part'}",yageo is a commonly cross referenced part number,available everywhere,"{'reason': 'yageo is a commonly cross referenced part number', 'reason_short': 'available everywhere'}",,,,
electronic_resistor_0603_3300_ohm,r6o332,electronic,resistor,0603,,3300_ohm,,,,,,R,resistor_0603_3300_ohm,0603_3300_ohm,oomp_electronic_resistor_0603_3300_ohm,https://github.com/oomlout/oomlout_oomp_part_src/tree/main/parts/electronic_resistor_0603_3300_ohm/working,parts/electronic_resistor_0603_3300_ohm,Electronic Resistor 0603 3300 Ohm,R6O332,24b74f09ef4d73197c1599bbc11d9403,24b74,24B74,24b74f,24B74F,24b74f09ef,24B74F09EF,r,R,0603,63,,,,3300,3k3,3k3,3K3,[electronic_resistor_0603_3300_ohm](https://github.com/oomlout/oomlout_oomp_part_src/tree/main/parts/electronic_resistor_0603_3300_ohm/working)<br>[r6o332](https://github.com/oomlout/oomlout_oomp_part_src/tree/main/parts/electronic_resistor_0603_3300_ohm/working)<br>[Electronic Resistor 0603 3300 Ohm](https://github.com/oomlout/oomlout_oomp_part_src/tree/main/parts/electronic_resistor_0603_3300_ohm/working)<br><br>[Uniroyal - 0603WAJ0332T5E- not in jlc basic parts]() [(L)  ](https://www.lcsc.com/search?q=0603WAJ0332T5E)[(D)  ](https://www.digikey.com/en/products?keywords=0603WAJ0332T5E)[(M)  ](https://www.mouser.com/Search/Refine?Keyword=0603WAJ0332T5E)[(N)  ](https://www.newark.com/search?st=0603WAJ0332T5E)[(SZ)  ](https://so.szlcsc.com/global.html?k=0603WAJ0332T5E)<br>[Uniroyal - 0603WAF3301T5E- jlc basic part]() [(L)  ](https://www.lcsc.com/search?q=0603WAF3301T5E)[(D)  ](https://www.digikey.com/en/products?keywords=0603WAF3301T5E)[(M)  ](https://www.mouser.com/Search/Refine?Keyword=0603WAF3301T5E)[(N)  ](https://www.newark.com/search?st=0603WAF3301T5E)[(SZ)  ](https://so.szlcsc.com/global.html?k=0603WAF3301T5E)<br>[Yageo - RC0603JR-073K3L- available everywhere](https://www.yageo.com/en/Chart/Download/pdf/RC0603JR-073K3L) [(L)  ](https://www.lcsc.com/search?q=RC0603JR-073K3L)[(D)  ](https://www.digikey.com/en/products?keywords=RC0603JR-073K3L)[(M)  ](https://www.mouser.com/Search/Refine?Keyword=RC0603JR-073K3L)[(N)  ](https://www.newark.com/search?st=RC0603JR-073K3L)[(SZ)  ](https://so.szlcsc.com/global.html?k=RC0603JR-073K3L)<br>,[electronic_resistor_0603_3300_ohm](https://github.com/oomlout/oomlout_oomp_part_src/tree/main/parts/electronic_resistor_0603_3300_ohm/working)<br><br>[Uniroyal - 0603WAJ0332T5E- not in jlc basic parts]()[Uniroyal - 0603WAF3301T5E- jlc basic part]()[Yageo - RC0603JR-073K3L- available everywhere](https://www.yageo.com/en/Chart/Download/pdf/RC0603JR-073K3L),https://github.com/oomlout/oomlout_oomp_footprint_bot/tree/main/foootprntss/kicad_resistor_smd_r_0603_1608metric,oomp_kicad_resistor_smd_r_0603_1608metric,oomlout_oomp_footprint_bot/footprints/kicad_resistor_smd_r_0603_1608metric//working/working.kicad_mod,https://github.com/oomlout/oomlout_oomp_symbol_bot/tree/main/symbols/kicad_device_r,oomp_kicad_device_r,oomlout_oomp_symbol_bot/symbols/kicad_device_r//working/working.kicad_sym,,,,,,,,,,,,,,,,,,,,,,,,,,,,,,,,,,,,,,,,,,,,,,,,,,,,,,,,,,,,,,,,,,,,,,,,,,,,,,,,,,,,,,,,,,,,,,,,,,,,,,,,,,,,,,,,,,,,,,,,,,,,,,Uniroyal,0603WAJ0332T5E,,manufacturer_uniroyal,Uniroyal,0603WAF3301T5E,,manufacturer_uniroyal,smd_tape,8_mm,1_5_mm,4_mm,,,,,Yageo,RC0603JR-073K3L,https://www.yageo.com/en/Chart/Download/pdf/RC0603JR-073K3L,manufacturer_yageo,,,,,,,"did this one first, but not in jlc pcb basic parts and 1 percent are and they are the same price",not in jlc basic parts,"{'reason': 'did this one first, but not in jlc pcb basic parts and 1 percent are and they are the same price', 'reason_short': 'not in jlc basic parts'}",in the jlc basic parts catalogue,jlc basic part,"{'reason': 'in the jlc basic parts catalogue', 'reason_short': 'jlc basic part'}",yageo is a commonly cross referenced part number,available everywhere,"{'reason': 'yageo is a commonly cross referenced part number', 'reason_short': 'available everywhere'}",,,,
electronic_resistor_0603_7500_ohm,r6o752,electronic,resistor,0603,,7500_ohm,,,,,,R,resistor_0603_7500_ohm,0603_7500_ohm,oomp_electronic_resistor_0603_7500_ohm,https://github.com/oomlout/oomlout_oomp_part_src/tree/main/parts/electronic_resistor_0603_7500_ohm/working,parts/electronic_resistor_0603_7500_ohm,Electronic Resistor 0603 7500 Ohm,R6O752,5f52975beca8e1dd2085e2788b38cd2d,5f529,5F529,5f5297,5F5297,5f52975bec,5F52975BEC,r,R,0603,63,,,,7500,7k5,7k5,7K5,[electronic_resistor_0603_7500_ohm](https://github.com/oomlout/oomlout_oomp_part_src/tree/main/parts/electronic_resistor_0603_7500_ohm/working)<br>[r6o752](https://github.com/oomlout/oomlout_oomp_part_src/tree/main/parts/electronic_resistor_0603_7500_ohm/working)<br>[Electronic Resistor 0603 7500 Ohm](https://github.com/oomlout/oomlout_oomp_part_src/tree/main/parts/electronic_resistor_0603_7500_ohm/working)<br><br>,[electronic_resistor_0603_7500_ohm](https://github.com/oomlout/oomlout_oomp_part_src/tree/main/parts/electronic_resistor_0603_7500_ohm/working)<br><br>,https://github.com/oomlout/oomlout_oomp_footprint_bot/tree/main/foootprntss/kicad_resistor_smd_r_0603_1608metric,oomp_kicad_resistor_smd_r_0603_1608metric,oomlout_oomp_footprint_bot/footprints/kicad_resistor_smd_r_0603_1608metric//working/working.kicad_mod,https://github.com/oomlout/oomlout_oomp_symbol_bot/tree/main/symbols/kicad_device_r,oomp_kicad_device_r,oomlout_oomp_symbol_bot/symbols/kicad_device_r//working/working.kicad_sym,,,,,,,,,,,,,,,,,,,,,,,,,,,,,,,,,,,,,,,,,,,,,,,,,,,,,,,,,,,,,,,,,,,,,,,,,,,,,,,,,,,,,,,,,,,,,,,,,,,,,,,,,,,,,,,,,,,,,,,,,,,,,,,,,,,,,,smd_tape,8_mm,1_5_mm,4_mm,,,,,,,,,,,,,,,,,,,,,,,,,,,
electronic_resistor_0603_8200_ohm,r6o822,electronic,resistor,0603,,8200_ohm,,,,,,R,resistor_0603_8200_ohm,0603_8200_ohm,oomp_electronic_resistor_0603_8200_ohm,https://github.com/oomlout/oomlout_oomp_part_src/tree/main/parts/electronic_resistor_0603_8200_ohm/working,parts/electronic_resistor_0603_8200_ohm,Electronic Resistor 0603 8200 Ohm,R6O822,a922b947dccc0108e3a430583ba2666b,a922b,A922B,a922b9,A922B9,a922b947dc,A922B947DC,r,R,0603,63,,,,8200,8k2,8k2,8K2,[electronic_resistor_0603_8200_ohm](https://github.com/oomlout/oomlout_oomp_part_src/tree/main/parts/electronic_resistor_0603_8200_ohm/working)<br>[r6o822](https://github.com/oomlout/oomlout_oomp_part_src/tree/main/parts/electronic_resistor_0603_8200_ohm/working)<br>[Electronic Resistor 0603 8200 Ohm](https://github.com/oomlout/oomlout_oomp_part_src/tree/main/parts/electronic_resistor_0603_8200_ohm/working)<br><br>[Uniroyal - 0603WAJ0822T5E- not in jlc basic parts]() [(L)  ](https://www.lcsc.com/search?q=0603WAJ0822T5E)[(D)  ](https://www.digikey.com/en/products?keywords=0603WAJ0822T5E)[(M)  ](https://www.mouser.com/Search/Refine?Keyword=0603WAJ0822T5E)[(N)  ](https://www.newark.com/search?st=0603WAJ0822T5E)[(SZ)  ](https://so.szlcsc.com/global.html?k=0603WAJ0822T5E)<br>[Uniroyal - 0603WAF8201T5E- jlc basic part]() [(L)  ](https://www.lcsc.com/search?q=0603WAF8201T5E)[(D)  ](https://www.digikey.com/en/products?keywords=0603WAF8201T5E)[(M)  ](https://www.mouser.com/Search/Refine?Keyword=0603WAF8201T5E)[(N)  ](https://www.newark.com/search?st=0603WAF8201T5E)[(SZ)  ](https://so.szlcsc.com/global.html?k=0603WAF8201T5E)<br>[Yageo - RC0603JR-078K2L- available everywhere](https://www.yageo.com/en/Chart/Download/pdf/RC0603JR-078K2L) [(L)  ](https://www.lcsc.com/search?q=RC0603JR-078K2L)[(D)  ](https://www.digikey.com/en/products?keywords=RC0603JR-078K2L)[(M)  ](https://www.mouser.com/Search/Refine?Keyword=RC0603JR-078K2L)[(N)  ](https://www.newark.com/search?st=RC0603JR-078K2L)[(SZ)  ](https://so.szlcsc.com/global.html?k=RC0603JR-078K2L)<br>,[electronic_resistor_0603_8200_ohm](https://github.com/oomlout/oomlout_oomp_part_src/tree/main/parts/electronic_resistor_0603_8200_ohm/working)<br><br>[Uniroyal - 0603WAJ0822T5E- not in jlc basic parts]()[Uniroyal - 0603WAF8201T5E- jlc basic part]()[Yageo - RC0603JR-078K2L- available everywhere](https://www.yageo.com/en/Chart/Download/pdf/RC0603JR-078K2L),https://github.com/oomlout/oomlout_oomp_footprint_bot/tree/main/foootprntss/kicad_resistor_smd_r_0603_1608metric,oomp_kicad_resistor_smd_r_0603_1608metric,oomlout_oomp_footprint_bot/footprints/kicad_resistor_smd_r_0603_1608metric//working/working.kicad_mod,https://github.com/oomlout/oomlout_oomp_symbol_bot/tree/main/symbols/kicad_device_r,oomp_kicad_device_r,oomlout_oomp_symbol_bot/symbols/kicad_device_r//working/working.kicad_sym,,,,,,,,,,,,,,,,,,,,,,,,,,,,,,,,,,,,,,,,,,,,,,,,,,,,,,,,,,,,,,,,,,,,,,,,,,,,,,,,,,,,,,,,,,,,,,,,,,,,,,,,,,,,,,,,,,,,,,,,,,,,,,Uniroyal,0603WAJ0822T5E,,manufacturer_uniroyal,Uniroyal,0603WAF8201T5E,,manufacturer_uniroyal,smd_tape,8_mm,1_5_mm,4_mm,,,,,Yageo,RC0603JR-078K2L,https://www.yageo.com/en/Chart/Download/pdf/RC0603JR-078K2L,manufacturer_yageo,,,,,,,"did this one first, but not in jlc pcb basic parts and 1 percent are and they are the same price",not in jlc basic parts,"{'reason': 'did this one first, but not in jlc pcb basic parts and 1 percent are and they are the same price', 'reason_short': 'not in jlc basic parts'}",in the jlc basic parts catalogue,jlc basic part,"{'reason': 'in the jlc basic parts catalogue', 'reason_short': 'jlc basic part'}",yageo is a commonly cross referenced part number,available everywhere,"{'reason': 'yageo is a commonly cross referenced part number', 'reason_short': 'available everywhere'}",,,,
electronic_resistor_0603_39000_ohm,r6o393,electronic,resistor,0603,,39000_ohm,,,,,,R,resistor_0603_39000_ohm,0603_39000_ohm,oomp_electronic_resistor_0603_39000_ohm,https://github.com/oomlout/oomlout_oomp_part_src/tree/main/parts/electronic_resistor_0603_39000_ohm/working,parts/electronic_resistor_0603_39000_ohm,Electronic Resistor 0603 39000 Ohm,R6O393,c60bfbc9533310382a360d07dbf1af29,c60bf,C60BF,c60bfb,C60BFB,c60bfbc953,C60BFBC953,r,R,0603,63,,,,39000,39k,39k,39K,[electronic_resistor_0603_39000_ohm](https://github.com/oomlout/oomlout_oomp_part_src/tree/main/parts/electronic_resistor_0603_39000_ohm/working)<br>[r6o393](https://github.com/oomlout/oomlout_oomp_part_src/tree/main/parts/electronic_resistor_0603_39000_ohm/working)<br>[Electronic Resistor 0603 39000 Ohm](https://github.com/oomlout/oomlout_oomp_part_src/tree/main/parts/electronic_resistor_0603_39000_ohm/working)<br><br>[Uniroyal - 0603WAJ0393T5E- not in jlc basic parts]() [(L)  ](https://www.lcsc.com/search?q=0603WAJ0393T5E)[(D)  ](https://www.digikey.com/en/products?keywords=0603WAJ0393T5E)[(M)  ](https://www.mouser.com/Search/Refine?Keyword=0603WAJ0393T5E)[(N)  ](https://www.newark.com/search?st=0603WAJ0393T5E)[(SZ)  ](https://so.szlcsc.com/global.html?k=0603WAJ0393T5E)<br>[Uniroyal - 0603WAF3902T5E- jlc basic part]() [(L)  ](https://www.lcsc.com/search?q=0603WAF3902T5E)[(D)  ](https://www.digikey.com/en/products?keywords=0603WAF3902T5E)[(M)  ](https://www.mouser.com/Search/Refine?Keyword=0603WAF3902T5E)[(N)  ](https://www.newark.com/search?st=0603WAF3902T5E)[(SZ)  ](https://so.szlcsc.com/global.html?k=0603WAF3902T5E)<br>[Yageo - RC0603JR-0739KL- available everywhere](https://www.yageo.com/en/Chart/Download/pdf/RC0603JR-0739KL) [(L)  ](https://www.lcsc.com/search?q=RC0603JR-0739KL)[(D)  ](https://www.digikey.com/en/products?keywords=RC0603JR-0739KL)[(M)  ](https://www.mouser.com/Search/Refine?Keyword=RC0603JR-0739KL)[(N)  ](https://www.newark.com/search?st=RC0603JR-0739KL)[(SZ)  ](https://so.szlcsc.com/global.html?k=RC0603JR-0739KL)<br>,[electronic_resistor_0603_39000_ohm](https://github.com/oomlout/oomlout_oomp_part_src/tree/main/parts/electronic_resistor_0603_39000_ohm/working)<br><br>[Uniroyal - 0603WAJ0393T5E- not in jlc basic parts]()[Uniroyal - 0603WAF3902T5E- jlc basic part]()[Yageo - RC0603JR-0739KL- available everywhere](https://www.yageo.com/en/Chart/Download/pdf/RC0603JR-0739KL),https://github.com/oomlout/oomlout_oomp_footprint_bot/tree/main/foootprntss/kicad_resistor_smd_r_0603_1608metric,oomp_kicad_resistor_smd_r_0603_1608metric,oomlout_oomp_footprint_bot/footprints/kicad_resistor_smd_r_0603_1608metric//working/working.kicad_mod,https://github.com/oomlout/oomlout_oomp_symbol_bot/tree/main/symbols/kicad_device_r,oomp_kicad_device_r,oomlout_oomp_symbol_bot/symbols/kicad_device_r//working/working.kicad_sym,,,,,,,,,,,,,,,,,,,,,,,,,,,,,,,,,,,,,,,,,,,,,,,,,,,,,,,,,,,,,,,,,,,,,,,,,,,,,,,,,,,,,,,,,,,,,,,,,,,,,,,,,,,,,,,,,,,,,,,,,,,,,,Uniroyal,0603WAJ0393T5E,,manufacturer_uniroyal,Uniroyal,0603WAF3902T5E,,manufacturer_uniroyal,smd_tape,8_mm,1_5_mm,4_mm,,,,,Yageo,RC0603JR-0739KL,https://www.yageo.com/en/Chart/Download/pdf/RC0603JR-0739KL,manufacturer_yageo,,,,,,,"did this one first, but not in jlc pcb basic parts and 1 percent are and they are the same price",not in jlc basic parts,"{'reason': 'did this one first, but not in jlc pcb basic parts and 1 percent are and they are the same price', 'reason_short': 'not in jlc basic parts'}",in the jlc basic parts catalogue,jlc basic part,"{'reason': 'in the jlc basic parts catalogue', 'reason_short': 'jlc basic part'}",yageo is a commonly cross referenced part number,available everywhere,"{'reason': 'yageo is a commonly cross referenced part number', 'reason_short': 'available everywhere'}",,,,
electronic_resistor_0603_56000_ohm,r6o563,electronic,resistor,0603,,56000_ohm,,,,,,R,resistor_0603_56000_ohm,0603_56000_ohm,oomp_electronic_resistor_0603_56000_ohm,https://github.com/oomlout/oomlout_oomp_part_src/tree/main/parts/electronic_resistor_0603_56000_ohm/working,parts/electronic_resistor_0603_56000_ohm,Electronic Resistor 0603 56000 Ohm,R6O563,5e9924be9b909bac468394fc7c214ff3,5e992,5E992,5e9924,5E9924,5e9924be9b,5E9924BE9B,r,R,0603,63,,,,56000,56k,56k,56K,[electronic_resistor_0603_56000_ohm](https://github.com/oomlout/oomlout_oomp_part_src/tree/main/parts/electronic_resistor_0603_56000_ohm/working)<br>[r6o563](https://github.com/oomlout/oomlout_oomp_part_src/tree/main/parts/electronic_resistor_0603_56000_ohm/working)<br>[Electronic Resistor 0603 56000 Ohm](https://github.com/oomlout/oomlout_oomp_part_src/tree/main/parts/electronic_resistor_0603_56000_ohm/working)<br><br>[Uniroyal - 0603WAJ0563T5E- not in jlc basic parts]() [(L)  ](https://www.lcsc.com/search?q=0603WAJ0563T5E)[(D)  ](https://www.digikey.com/en/products?keywords=0603WAJ0563T5E)[(M)  ](https://www.mouser.com/Search/Refine?Keyword=0603WAJ0563T5E)[(N)  ](https://www.newark.com/search?st=0603WAJ0563T5E)[(SZ)  ](https://so.szlcsc.com/global.html?k=0603WAJ0563T5E)<br>[Uniroyal - 0603WAF5602T5E- jlc basic part]() [(L)  ](https://www.lcsc.com/search?q=0603WAF5602T5E)[(D)  ](https://www.digikey.com/en/products?keywords=0603WAF5602T5E)[(M)  ](https://www.mouser.com/Search/Refine?Keyword=0603WAF5602T5E)[(N)  ](https://www.newark.com/search?st=0603WAF5602T5E)[(SZ)  ](https://so.szlcsc.com/global.html?k=0603WAF5602T5E)<br>[Yageo - RC0603JR-0756KL- available everywhere](https://www.yageo.com/en/Chart/Download/pdf/RC0603JR-0756KL) [(L)  ](https://www.lcsc.com/search?q=RC0603JR-0756KL)[(D)  ](https://www.digikey.com/en/products?keywords=RC0603JR-0756KL)[(M)  ](https://www.mouser.com/Search/Refine?Keyword=RC0603JR-0756KL)[(N)  ](https://www.newark.com/search?st=RC0603JR-0756KL)[(SZ)  ](https://so.szlcsc.com/global.html?k=RC0603JR-0756KL)<br>,[electronic_resistor_0603_56000_ohm](https://github.com/oomlout/oomlout_oomp_part_src/tree/main/parts/electronic_resistor_0603_56000_ohm/working)<br><br>[Uniroyal - 0603WAJ0563T5E- not in jlc basic parts]()[Uniroyal - 0603WAF5602T5E- jlc basic part]()[Yageo - RC0603JR-0756KL- available everywhere](https://www.yageo.com/en/Chart/Download/pdf/RC0603JR-0756KL),https://github.com/oomlout/oomlout_oomp_footprint_bot/tree/main/foootprntss/kicad_resistor_smd_r_0603_1608metric,oomp_kicad_resistor_smd_r_0603_1608metric,oomlout_oomp_footprint_bot/footprints/kicad_resistor_smd_r_0603_1608metric//working/working.kicad_mod,https://github.com/oomlout/oomlout_oomp_symbol_bot/tree/main/symbols/kicad_device_r,oomp_kicad_device_r,oomlout_oomp_symbol_bot/symbols/kicad_device_r//working/working.kicad_sym,,,,,,,,,,,,,,,,,,,,,,,,,,,,,,,,,,,,,,,,,,,,,,,,,,,,,,,,,,,,,,,,,,,,,,,,,,,,,,,,,,,,,,,,,,,,,,,,,,,,,,,,,,,,,,,,,,,,,,,,,,,,,,Uniroyal,0603WAJ0563T5E,,manufacturer_uniroyal,Uniroyal,0603WAF5602T5E,,manufacturer_uniroyal,smd_tape,8_mm,1_5_mm,4_mm,,,,,Yageo,RC0603JR-0756KL,https://www.yageo.com/en/Chart/Download/pdf/RC0603JR-0756KL,manufacturer_yageo,,,,,,,"did this one first, but not in jlc pcb basic parts and 1 percent are and they are the same price",not in jlc basic parts,"{'reason': 'did this one first, but not in jlc pcb basic parts and 1 percent are and they are the same price', 'reason_short': 'not in jlc basic parts'}",in the jlc basic parts catalogue,jlc basic part,"{'reason': 'in the jlc basic parts catalogue', 'reason_short': 'jlc basic part'}",yageo is a commonly cross referenced part number,available everywhere,"{'reason': 'yageo is a commonly cross referenced part number', 'reason_short': 'available everywhere'}",,,,
electronic_resistor_0603_75000_ohm,r6o753,electronic,resistor,0603,,75000_ohm,,,,,,R,resistor_0603_75000_ohm,0603_75000_ohm,oomp_electronic_resistor_0603_75000_ohm,https://github.com/oomlout/oomlout_oomp_part_src/tree/main/parts/electronic_resistor_0603_75000_ohm/working,parts/electronic_resistor_0603_75000_ohm,Electronic Resistor 0603 75000 Ohm,R6O753,d6572c28a2e846a2d0bf7f18edc8cb8b,d6572,D6572,d6572c,D6572C,d6572c28a2,D6572C28A2,r,R,0603,63,,,,75000,75k,75k,75K,[electronic_resistor_0603_75000_ohm](https://github.com/oomlout/oomlout_oomp_part_src/tree/main/parts/electronic_resistor_0603_75000_ohm/working)<br>[r6o753](https://github.com/oomlout/oomlout_oomp_part_src/tree/main/parts/electronic_resistor_0603_75000_ohm/working)<br>[Electronic Resistor 0603 75000 Ohm](https://github.com/oomlout/oomlout_oomp_part_src/tree/main/parts/electronic_resistor_0603_75000_ohm/working)<br><br>,[electronic_resistor_0603_75000_ohm](https://github.com/oomlout/oomlout_oomp_part_src/tree/main/parts/electronic_resistor_0603_75000_ohm/working)<br><br>,https://github.com/oomlout/oomlout_oomp_footprint_bot/tree/main/foootprntss/kicad_resistor_smd_r_0603_1608metric,oomp_kicad_resistor_smd_r_0603_1608metric,oomlout_oomp_footprint_bot/footprints/kicad_resistor_smd_r_0603_1608metric//working/working.kicad_mod,https://github.com/oomlout/oomlout_oomp_symbol_bot/tree/main/symbols/kicad_device_r,oomp_kicad_device_r,oomlout_oomp_symbol_bot/symbols/kicad_device_r//working/working.kicad_sym,,,,,,,,,,,,,,,,,,,,,,,,,,,,,,,,,,,,,,,,,,,,,,,,,,,,,,,,,,,,,,,,,,,,,,,,,,,,,,,,,,,,,,,,,,,,,,,,,,,,,,,,,,,,,,,,,,,,,,,,,,,,,,,,,,,,,,smd_tape,8_mm,1_5_mm,4_mm,,,,,,,,,,,,,,,,,,,,,,,,,,,
electronic_resistor_0603_150000_ohm,r6o154,electronic,resistor,0603,,150000_ohm,,,,,,R,resistor_0603_150000_ohm,0603_150000_ohm,oomp_electronic_resistor_0603_150000_ohm,https://github.com/oomlout/oomlout_oomp_part_src/tree/main/parts/electronic_resistor_0603_150000_ohm/working,parts/electronic_resistor_0603_150000_ohm,Electronic Resistor 0603 150000 Ohm,R6O154,2edd864a1e1c315833d6a36b4e5d0058,2edd8,2EDD8,2edd86,2EDD86,2edd864a1e,2EDD864A1E,r,R,0603,63,,,,150000,150.0k,150.0k,150.0K,[electronic_resistor_0603_150000_ohm](https://github.com/oomlout/oomlout_oomp_part_src/tree/main/parts/electronic_resistor_0603_150000_ohm/working)<br>[r6o154](https://github.com/oomlout/oomlout_oomp_part_src/tree/main/parts/electronic_resistor_0603_150000_ohm/working)<br>[Electronic Resistor 0603 150000 Ohm](https://github.com/oomlout/oomlout_oomp_part_src/tree/main/parts/electronic_resistor_0603_150000_ohm/working)<br><br>,[electronic_resistor_0603_150000_ohm](https://github.com/oomlout/oomlout_oomp_part_src/tree/main/parts/electronic_resistor_0603_150000_ohm/working)<br><br>,https://github.com/oomlout/oomlout_oomp_footprint_bot/tree/main/foootprntss/kicad_resistor_smd_r_0603_1608metric,oomp_kicad_resistor_smd_r_0603_1608metric,oomlout_oomp_footprint_bot/footprints/kicad_resistor_smd_r_0603_1608metric//working/working.kicad_mod,https://github.com/oomlout/oomlout_oomp_symbol_bot/tree/main/symbols/kicad_device_r,oomp_kicad_device_r,oomlout_oomp_symbol_bot/symbols/kicad_device_r//working/working.kicad_sym,,,,,,,,,,,,,,,,,,,,,,,,,,,,,,,,,,,,,,,,,,,,,,,,,,,,,,,,,,,,,,,,,,,,,,,,,,,,,,,,,,,,,,,,,,,,,,,,,,,,,,,,,,,,,,,,,,,,,,,,,,,,,,,,,,,,,,smd_tape,8_mm,1_5_mm,4_mm,,,,,,,,,,,,,,,,,,,,,,,,,,,
electronic_resistor_0603_470000_ohm,r6o474,electronic,resistor,0603,,470000_ohm,,,,,,R,resistor_0603_470000_ohm,0603_470000_ohm,oomp_electronic_resistor_0603_470000_ohm,https://github.com/oomlout/oomlout_oomp_part_src/tree/main/parts/electronic_resistor_0603_470000_ohm/working,parts/electronic_resistor_0603_470000_ohm,Electronic Resistor 0603 470000 Ohm,R6O474,fa68001dc0d1e6c4b9f40b3218c264ca,fa680,FA680,fa6800,FA6800,fa68001dc0,FA68001DC0,r,R,0603,63,,,,470000,470.0k,470.0k,470.0K,[electronic_resistor_0603_470000_ohm](https://github.com/oomlout/oomlout_oomp_part_src/tree/main/parts/electronic_resistor_0603_470000_ohm/working)<br>[r6o474](https://github.com/oomlout/oomlout_oomp_part_src/tree/main/parts/electronic_resistor_0603_470000_ohm/working)<br>[Electronic Resistor 0603 470000 Ohm](https://github.com/oomlout/oomlout_oomp_part_src/tree/main/parts/electronic_resistor_0603_470000_ohm/working)<br><br>,[electronic_resistor_0603_470000_ohm](https://github.com/oomlout/oomlout_oomp_part_src/tree/main/parts/electronic_resistor_0603_470000_ohm/working)<br><br>,https://github.com/oomlout/oomlout_oomp_footprint_bot/tree/main/foootprntss/kicad_resistor_smd_r_0603_1608metric,oomp_kicad_resistor_smd_r_0603_1608metric,oomlout_oomp_footprint_bot/footprints/kicad_resistor_smd_r_0603_1608metric//working/working.kicad_mod,https://github.com/oomlout/oomlout_oomp_symbol_bot/tree/main/symbols/kicad_device_r,oomp_kicad_device_r,oomlout_oomp_symbol_bot/symbols/kicad_device_r//working/working.kicad_sym,,,,,,,,,,,,,,,,,,,,,,,,,,,,,,,,,,,,,,,,,,,,,,,,,,,,,,,,,,,,,,,,,,,,,,,,,,,,,,,,,,,,,,,,,,,,,,,,,,,,,,,,,,,,,,,,,,,,,,,,,,,,,,,,,,,,,,smd_tape,8_mm,1_5_mm,4_mm,,,,,,,,,,,,,,,,,,,,,,,,,,,
electronic_resistor_0603_4700000_ohm,r6o475,electronic,resistor,0603,,4700000_ohm,,,,,,R,resistor_0603_4700000_ohm,0603_4700000_ohm,oomp_electronic_resistor_0603_4700000_ohm,https://github.com/oomlout/oomlout_oomp_part_src/tree/main/parts/electronic_resistor_0603_4700000_ohm/working,parts/electronic_resistor_0603_4700000_ohm,Electronic Resistor 0603 4700000 Ohm,R6O475,013afb579c12fa65063004fd1301f8e6,013af,013AF,013afb,013AFB,013afb579c,013AFB579C,r,R,0603,63,,,,4700000,5M,5M,5M,[electronic_resistor_0603_4700000_ohm](https://github.com/oomlout/oomlout_oomp_part_src/tree/main/parts/electronic_resistor_0603_4700000_ohm/working)<br>[r6o475](https://github.com/oomlout/oomlout_oomp_part_src/tree/main/parts/electronic_resistor_0603_4700000_ohm/working)<br>[Electronic Resistor 0603 4700000 Ohm](https://github.com/oomlout/oomlout_oomp_part_src/tree/main/parts/electronic_resistor_0603_4700000_ohm/working)<br><br>,[electronic_resistor_0603_4700000_ohm](https://github.com/oomlout/oomlout_oomp_part_src/tree/main/parts/electronic_resistor_0603_4700000_ohm/working)<br><br>,https://github.com/oomlout/oomlout_oomp_footprint_bot/tree/main/foootprntss/kicad_resistor_smd_r_0603_1608metric,oomp_kicad_resistor_smd_r_0603_1608metric,oomlout_oomp_footprint_bot/footprints/kicad_resistor_smd_r_0603_1608metric//working/working.kicad_mod,https://github.com/oomlout/oomlout_oomp_symbol_bot/tree/main/symbols/kicad_device_r,oomp_kicad_device_r,oomlout_oomp_symbol_bot/symbols/kicad_device_r//working/working.kicad_sym,,,,,,,,,,,,,,,,,,,,,,,,,,,,,,,,,,,,,,,,,,,,,,,,,,,,,,,,,,,,,,,,,,,,,,,,,,,,,,,,,,,,,,,,,,,,,,,,,,,,,,,,,,,,,,,,,,,,,,,,,,,,,,,,,,,,,,smd_tape,8_mm,1_5_mm,4_mm,,,,,,,,,,,,,,,,,,,,,,,,,,,
electronic_resistor_0603_10000000_ohm,r6o106,electronic,resistor,0603,,10000000_ohm,,,,,,R,resistor_0603_10000000_ohm,0603_10000000_ohm,oomp_electronic_resistor_0603_10000000_ohm,https://github.com/oomlout/oomlout_oomp_part_src/tree/main/parts/electronic_resistor_0603_10000000_ohm/working,parts/electronic_resistor_0603_10000000_ohm,Electronic Resistor 0603 10000000 Ohm,R6O106,704d7d3d2ce4918849d089aad22f1d8b,704d7,704D7,704d7d,704D7D,704d7d3d2c,704D7D3D2C,r,R,0603,63,,,,10000000,10M,10M,10M,[electronic_resistor_0603_10000000_ohm](https://github.com/oomlout/oomlout_oomp_part_src/tree/main/parts/electronic_resistor_0603_10000000_ohm/working)<br>[r6o106](https://github.com/oomlout/oomlout_oomp_part_src/tree/main/parts/electronic_resistor_0603_10000000_ohm/working)<br>[Electronic Resistor 0603 10000000 Ohm](https://github.com/oomlout/oomlout_oomp_part_src/tree/main/parts/electronic_resistor_0603_10000000_ohm/working)<br><br>,[electronic_resistor_0603_10000000_ohm](https://github.com/oomlout/oomlout_oomp_part_src/tree/main/parts/electronic_resistor_0603_10000000_ohm/working)<br><br>,https://github.com/oomlout/oomlout_oomp_footprint_bot/tree/main/foootprntss/kicad_resistor_smd_r_0603_1608metric,oomp_kicad_resistor_smd_r_0603_1608metric,oomlout_oomp_footprint_bot/footprints/kicad_resistor_smd_r_0603_1608metric//working/working.kicad_mod,https://github.com/oomlout/oomlout_oomp_symbol_bot/tree/main/symbols/kicad_device_r,oomp_kicad_device_r,oomlout_oomp_symbol_bot/symbols/kicad_device_r//working/working.kicad_sym,,,,,,,,,,,,,,,,,,,,,,,,,,,,,,,,,,,,,,,,,,,,,,,,,,,,,,,,,,,,,,,,,,,,,,,,,,,,,,,,,,,,,,,,,,,,,,,,,,,,,,,,,,,,,,,,,,,,,,,,,,,,,,,,,,,,,,smd_tape,8_mm,1_5_mm,4_mm,,,,,,,,,,,,,,,,,,,,,,,,,,,
