id,short_code,classification,type,size,color,description_main,description_extra,manufacturer,part_number,description,short_name,kicad_reference,classification_upper,classification_capital,classification_first_letter,classification_first_letter_upper,type_upper,type_capital,type_first_letter,type_first_letter_upper,size_upper,size_capital,size_first_letter,size_first_letter_upper,color_upper,color_capital,color_first_letter,color_first_letter_upper,description_main_upper,description_main_capital,description_main_first_letter,description_main_first_letter_upper,description_extra_upper,description_extra_capital,description_extra_first_letter,description_extra_first_letter_upper,manufacturer_upper,manufacturer_capital,manufacturer_first_letter,manufacturer_first_letter_upper,part_number_upper,part_number_capital,part_number_first_letter,part_number_first_letter_upper,id_no_class,id_no_type,id_no_size,oomp_key,github_link,directory,name,name_no_class,name_no_type,name_no_size,short_code_upper,md5,md5_5,md5_5_upper,md5_6,md5_6_upper,md5_6_alpha,md5_6_alpha_upper,md5_10,md5_10_upper,size_only_numbers,size_only_numbers_no_zeros,description_only_numbers,description_only_numbers_short,name_no_size_short,description_or_color,description_or_color_upper,markdown_full,markdown_short,footprint_0_link,footprint_0_oomp_key,footprint_0_directory,footprint_0_index,pins_pin_1_name,pins_pin_1_number,pins_pin_1_type,pins_pin_1,pins_pin_2_name,pins_pin_2_number,pins_pin_2_type,pins_pin_2,pins_pin_3_name,pins_pin_3_number,pins_pin_3_type,pins_pin_3,pins_pin_4_name,pins_pin_4_number,pins_pin_4_type,pins_pin_4,pins_pin_5_name,pins_pin_5_number,pins_pin_5_type,pins_pin_5,pins_pin_6_name,pins_pin_6_number,pins_pin_6_type,pins_pin_6,pins_pin_7_name,pins_pin_7_number,pins_pin_7_type,pins_pin_7,pins_pin_8_name,pins_pin_8_number,pins_pin_8_type,pins_pin_8,pins_pin_9_name,pins_pin_9_number,pins_pin_9_type,pins_pin_9,pins_pin_10_name,pins_pin_10_number,pins_pin_10_type,pins_pin_10,pins_pin_11_name,pins_pin_11_number,pins_pin_11_type,pins_pin_11,pins_pin_12_name,pins_pin_12_number,pins_pin_12_type,pins_pin_12,pins_pin_13_name,pins_pin_13_number,pins_pin_13_type,pins_pin_13,pins_pin_14_name,pins_pin_14_number,pins_pin_14_type,pins_pin_14,pins_pin_15_name,pins_pin_15_number,pins_pin_15_type,pins_pin_15,pins_pin_16_name,pins_pin_16_number,pins_pin_16_type,pins_pin_16,pins_pin_17_name,pins_pin_17_number,pins_pin_17_type,pins_pin_17,pins_pin_18_name,pins_pin_18_number,pins_pin_18_type,pins_pin_18,pins_pin_19_name,pins_pin_19_number,pins_pin_19_type,pins_pin_19,pins_pin_20_name,pins_pin_20_number,pins_pin_20_type,pins_pin_20,pins_pin_21_name,pins_pin_21_number,pins_pin_21_type,pins_pin_21,pins_pin_22_name,pins_pin_22_number,pins_pin_22_type,pins_pin_22,pins_pin_23_name,pins_pin_23_number,pins_pin_23_type,pins_pin_23,pins_pin_24_name,pins_pin_24_number,pins_pin_24_type,pins_pin_24,pins_pin_25_name,pins_pin_25_number,pins_pin_25_type,pins_pin_25,pins_pin_26_name,pins_pin_26_number,pins_pin_26_type,pins_pin_26,pins_pin_27_name,pins_pin_27_number,pins_pin_27_type,pins_pin_27,pins_pin_28_name,pins_pin_28_number,pins_pin_28_type,pins_pin_28,pins_pin_29_name,pins_pin_29_number,pins_pin_29_type,pins_pin_29,pins_pin_30_name,pins_pin_30_number,pins_pin_30_type,pins_pin_30,pins,distributors_0_name,distributors_0_part_number,distributors_0_link,distributors_0_id,package_style,smd_tape_width,smd_tape_depth,smd_tape_pitch,symbol_0_link,symbol_0_oomp_key,symbol_0_directory,symbol_0_index,manufacturers_0_name,manufacturers_0_part_number,manufacturers_0_link,manufacturers_0_id,manufacturers_1_name,manufacturers_1_part_number,manufacturers_1_link,manufacturers_1_id,distributors_1_name,distributors_1_part_number,distributors_1_link,distributors_1_id,manufacturers_2_name,manufacturers_2_part_number,manufacturers_2_link,manufacturers_2_id,manufacturers_0_note_reason,manufacturers_0_note_reason_short,manufacturers_0_note,manufacturers_1_note_reason,manufacturers_1_note_reason_short,manufacturers_1_note,manufacturers_2_note_reason,manufacturers_2_note_reason_short,manufacturers_2_note,distributors_2_name,distributors_2_part_number,distributors_2_link,distributors_2_id
electronic_button_3_5_mm_x_6_mm_x_2_5_mm_surface_mount,b3560s,electronic,button,3_5_mm_x_6_mm_x_2_5_mm,surface_mount,,,,,,,,ELECTRONIC,Electronic,e,E,BUTTON,Button,b,B,3_5_MM_X_6_MM_X_2_5_MM,3.5 mm x 6 mm x 2.5 mm,3,3,SURFACE_MOUNT,Surface Mount,s,S,,,,,,,,,,,,,,,,,button_3_5_mm_x_6_mm_x_2_5_mm_surface_mount,3_5_mm_x_6_mm_x_2_5_mm_surface_mount,surface_mount,oomp_electronic_button_3_5_mm_x_6_mm_x_2_5_mm_surface_mount,https://github.com/oomlout/oomlout_oomp_part_src/tree/main/parts/electronic_button_3_5_mm_x_6_mm_x_2_5_mm_surface_mount/working,parts/electronic_button_3_5_mm_x_6_mm_x_2_5_mm_surface_mount,Electronic Button 3 5 Mm X 6 Mm X 2 5 Mm Surface Mount,Button 3 5 Mm X 6 Mm X 2 5 Mm Surface Mount,3 5 Mm X 6 Mm X 2 5 Mm Surface Mount,Surface Mount,B3560S,daac5353b33e60c79876e2262b80147e,daac5,DAAC5,daac53,DAAC53,8j5ub,8J5UB,daac5353b3,DAAC5353B3,35625,35625,, ,Surface Mount,S ,S ,[electronic_button_3_5_mm_x_6_mm_x_2_5_mm_surface_mount](https://github.com/oomlout/oomlout_oomp_part_src/tree/main/parts/electronic_button_3_5_mm_x_6_mm_x_2_5_mm_surface_mount/working)<br>[b3560s](https://github.com/oomlout/oomlout_oomp_part_src/tree/main/parts/electronic_button_3_5_mm_x_6_mm_x_2_5_mm_surface_mount/working)<br>[Electronic Button 3 5 Mm X 6 Mm X 2 5 Mm Surface Mount](https://github.com/oomlout/oomlout_oomp_part_src/tree/main/parts/electronic_button_3_5_mm_x_6_mm_x_2_5_mm_surface_mount/working)<br>[LCSC - C2845294<br>](https://lcsc.com/product-detail/C2845294.html)<br>,[electronic_button_3_5_mm_x_6_mm_x_2_5_mm_surface_mount](https://github.com/oomlout/oomlout_oomp_part_src/tree/main/parts/electronic_button_3_5_mm_x_6_mm_x_2_5_mm_surface_mount/working)<br>[LCSC - C2845294<br>](https://lcsc.com/product-detail/C2845294.html)<br>,https://github.com/oomlout/oomlout_oomp_footprint_bot/tree/main/foootprntss/kicad_button_switch_smd_sw_tactile_spst_no_straight_ck_pts636sx25smtrlfs,oomp_kicad_button_switch_smd_sw_tactile_spst_no_straight_ck_pts636sx25smtrlfs,oomlout_oomp_footprint_bot/footprints/kicad_button_switch_smd_sw_tactile_spst_no_straight_ck_pts636sx25smtrlfs//working/working.kicad_mod,0,,,,,,,,,,,,,,,,,,,,,,,,,,,,,,,,,,,,,,,,,,,,,,,,,,,,,,,,,,,,,,,,,,,,,,,,,,,,,,,,,,,,,,,,,,,,,,,,,,,,,,,,,,,,,,,,,,,,,,,,,,LCSC,C2845294,https://lcsc.com/product-detail/C2845294.html,distributor_lcsc,smd_tape,8_mm,3_mm,8_mm,https://github.com/oomlout/oomlout_oomp_symbol_bot/tree/main/symbols/kicad_switch_sw_push,oomp_kicad_switch_sw_push,oomlout_oomp_symbol_bot/symbols/kicad_switch_sw_push//working/working.kicad_sym,0,,,,,,,,,,,,,,,,,,,,,,,,,,,,,
electronic_capacitor_0603_100_nano_farad,c6nf100,electronic,capacitor,0603,,100_nano_farad,,,,,,C,ELECTRONIC,Electronic,e,E,CAPACITOR,Capacitor,c,C,0603,0603,0,0,,,,,100_NANO_FARAD,100 Nano Farad,1,1,,,,,,,,,,,,,capacitor_0603_100_nano_farad,0603_100_nano_farad,100_nano_farad,oomp_electronic_capacitor_0603_100_nano_farad,https://github.com/oomlout/oomlout_oomp_part_src/tree/main/parts/electronic_capacitor_0603_100_nano_farad/working,parts/electronic_capacitor_0603_100_nano_farad,Electronic Capacitor 0603 100 Nano Farad,Capacitor 0603 100 Nano Farad,0603 100 Nano Farad,100 Nano Farad,C6NF100,8cfd91c8b4af505f5c4d796bc12d1d16,8cfd9,8CFD9,8cfd91,8CFD91,5i1ld,5I1LD,8cfd91c8b4,8CFD91C8B4,0603,63,100,100nf,100nf Nano Farad,100nf,100NF,[electronic_capacitor_0603_100_nano_farad](https://github.com/oomlout/oomlout_oomp_part_src/tree/main/parts/electronic_capacitor_0603_100_nano_farad/working)<br>[c6nf100](https://github.com/oomlout/oomlout_oomp_part_src/tree/main/parts/electronic_capacitor_0603_100_nano_farad/working)<br>[Electronic Capacitor 0603 100 Nano Farad](https://github.com/oomlout/oomlout_oomp_part_src/tree/main/parts/electronic_capacitor_0603_100_nano_farad/working)<br>[LCSC - C14663<br>](https://lcsc.com/product-detail/C14663.html)[LCSC - C30926<br>](https://lcsc.com/product-detail/C30926.html)<br>[Samsung - CL10B104KB8NNNC](https://product.samsungsem.com/mlcc/CL10B104KB8NNN.do) [(L)  ](https://www.lcsc.com/search?q=CL10B104KB8NNNC)[(D)  ](https://www.digikey.com/en/products?keywords=CL10B104KB8NNNC)[(M)  ](https://www.mouser.com/Search/Refine?Keyword=CL10B104KB8NNNC)[(N)  ](https://www.newark.com/search?st=CL10B104KB8NNNC)[(SZ)  ](https://so.szlcsc.com/global.html?k=CL10B104KB8NNNC)<br>[Yageo - CC0603KRX7R9BB104](https://www.yageo.com/en/Chart/Download/pdf/CC0603KRX7R9BB104) [(L)  ](https://www.lcsc.com/search?q=CC0603KRX7R9BB104)[(D)  ](https://www.digikey.com/en/products?keywords=CC0603KRX7R9BB104)[(M)  ](https://www.mouser.com/Search/Refine?Keyword=CC0603KRX7R9BB104)[(N)  ](https://www.newark.com/search?st=CC0603KRX7R9BB104)[(SZ)  ](https://so.szlcsc.com/global.html?k=CC0603KRX7R9BB104)<br>,[electronic_capacitor_0603_100_nano_farad](https://github.com/oomlout/oomlout_oomp_part_src/tree/main/parts/electronic_capacitor_0603_100_nano_farad/working)<br>[LCSC - C14663<br>](https://lcsc.com/product-detail/C14663.html)[LCSC - C30926<br>](https://lcsc.com/product-detail/C30926.html)<br>[Samsung - CL10B104KB8NNNC](https://product.samsungsem.com/mlcc/CL10B104KB8NNN.do)[Yageo - CC0603KRX7R9BB104](https://www.yageo.com/en/Chart/Download/pdf/CC0603KRX7R9BB104),https://github.com/oomlout/oomlout_oomp_footprint_bot/tree/main/foootprntss/kicad_capacitor_smd_c_0603_1608metric,oomp_kicad_capacitor_smd_c_0603_1608metric,oomlout_oomp_footprint_bot/footprints/kicad_capacitor_smd_c_0603_1608metric//working/working.kicad_mod,0,,,,,,,,,,,,,,,,,,,,,,,,,,,,,,,,,,,,,,,,,,,,,,,,,,,,,,,,,,,,,,,,,,,,,,,,,,,,,,,,,,,,,,,,,,,,,,,,,,,,,,,,,,,,,,,,,,,,,,,,,,LCSC,C14663,https://lcsc.com/product-detail/C14663.html,distributor_lcsc,smd_tape,8_mm,1_5_mm,4_mm,https://github.com/oomlout/oomlout_oomp_symbol_bot/tree/main/symbols/kicad_device_c,oomp_kicad_device_c,oomlout_oomp_symbol_bot/symbols/kicad_device_c//working/working.kicad_sym,0,Samsung,CL10B104KB8NNNC,https://product.samsungsem.com/mlcc/CL10B104KB8NNN.do,manufacturer_samsung,Yageo,CC0603KRX7R9BB104,https://www.yageo.com/en/Chart/Download/pdf/CC0603KRX7R9BB104,manufacturer_yageo,LCSC,C30926,https://lcsc.com/product-detail/C30926.html,distributor_lcsc,,,,,,,,,,,,,,,,,
electronic_capacitor_3216_avx_a_tantalum_4_7_micro_farad_16_volt,catuf4d7v16,electronic,capacitor,3216_avx_a,tantalum,4_7_micro_farad,16_volt,,,,,C,ELECTRONIC,Electronic,e,E,CAPACITOR,Capacitor,c,C,3216_AVX_A,3216 Avx A,3,3,TANTALUM,Tantalum,t,T,4_7_MICRO_FARAD,4.7 Micro Farad,4,4,16_VOLT,16 Volt,1,1,,,,,,,,,capacitor_3216_avx_a_tantalum_4_7_micro_farad_16_volt,3216_avx_a_tantalum_4_7_micro_farad_16_volt,tantalum_4_7_micro_farad_16_volt,oomp_electronic_capacitor_3216_avx_a_tantalum_4_7_micro_farad_16_volt,https://github.com/oomlout/oomlout_oomp_part_src/tree/main/parts/electronic_capacitor_3216_avx_a_tantalum_4_7_micro_farad_16_volt/working,parts/electronic_capacitor_3216_avx_a_tantalum_4_7_micro_farad_16_volt,Electronic Capacitor 3216 Avx A Tantalum 4 7 Micro Farad 16 Volt,Capacitor 3216 Avx A Tantalum 4 7 Micro Farad 16 Volt,3216 Avx A Tantalum 4 7 Micro Farad 16 Volt,Tantalum 4 7 Micro Farad 16 Volt,CATUF4D7V16,951eebab538d3a391eb9ef33560a6b6b,951ee,951EE,951eeb,951EEB,5tgq3,5TGQ3,951eebab53,951EEBAB53,3216,3216,47,47uf,Tantalum 4 7 Micro Farad 16 Volt,T47uf,T47UF,[electronic_capacitor_3216_avx_a_tantalum_4_7_micro_farad_16_volt](https://github.com/oomlout/oomlout_oomp_part_src/tree/main/parts/electronic_capacitor_3216_avx_a_tantalum_4_7_micro_farad_16_volt/working)<br>[catuf4d7v16](https://github.com/oomlout/oomlout_oomp_part_src/tree/main/parts/electronic_capacitor_3216_avx_a_tantalum_4_7_micro_farad_16_volt/working)<br>[Electronic Capacitor 3216 Avx A Tantalum 4 7 Micro Farad 16 Volt](https://github.com/oomlout/oomlout_oomp_part_src/tree/main/parts/electronic_capacitor_3216_avx_a_tantalum_4_7_micro_farad_16_volt/working)<br>[LCSC - C7187<br>](https://lcsc.com/product-detail/C7187.html)<br>[Kyocera - TAJA475K016RNJ](https://search.kyocera-avx.com/search/TAJA475K016RNJ) [(L)  ](https://www.lcsc.com/search?q=TAJA475K016RNJ)[(D)  ](https://www.digikey.com/en/products?keywords=TAJA475K016RNJ)[(M)  ](https://www.mouser.com/Search/Refine?Keyword=TAJA475K016RNJ)[(N)  ](https://www.newark.com/search?st=TAJA475K016RNJ)[(SZ)  ](https://so.szlcsc.com/global.html?k=TAJA475K016RNJ)<br>,[electronic_capacitor_3216_avx_a_tantalum_4_7_micro_farad_16_volt](https://github.com/oomlout/oomlout_oomp_part_src/tree/main/parts/electronic_capacitor_3216_avx_a_tantalum_4_7_micro_farad_16_volt/working)<br>[LCSC - C7187<br>](https://lcsc.com/product-detail/C7187.html)<br>[Kyocera - TAJA475K016RNJ](https://search.kyocera-avx.com/search/TAJA475K016RNJ),https://github.com/oomlout/oomlout_oomp_footprint_bot/tree/main/foootprntss/kicad_capacitor_tantalum_smd_cp_eia_3216_18_kemet_a,oomp_kicad_capacitor_tantalum_smd_cp_eia_3216_18_kemet_a,oomlout_oomp_footprint_bot/footprints/kicad_capacitor_tantalum_smd_cp_eia_3216_18_kemet_a//working/working.kicad_mod,0,,,,,,,,,,,,,,,,,,,,,,,,,,,,,,,,,,,,,,,,,,,,,,,,,,,,,,,,,,,,,,,,,,,,,,,,,,,,,,,,,,,,,,,,,,,,,,,,,,,,,,,,,,,,,,,,,,,,,,,,,,LCSC,C7187,https://lcsc.com/product-detail/C7187.html,distributor_lcsc,,,,,https://github.com/oomlout/oomlout_oomp_symbol_bot/tree/main/symbols/kicad_device_c_polarized,oomp_kicad_device_c_polarized,oomlout_oomp_symbol_bot/symbols/kicad_device_c_polarized//working/working.kicad_sym,0,Kyocera,TAJA475K016RNJ,https://search.kyocera-avx.com/search/TAJA475K016RNJ,manufacturer_kyocera,,,,,,,,,,,,,,,,,,,,,,,,,
electronic_ceramic_resonator_3213_3_pin_ground_pin_2_12_mega_hertz,xcr3213mhz12,electronic,ceramic_resonator,3213,3_pin_ground_pin_2,12_mega_hertz,,,,,,x,ELECTRONIC,Electronic,e,E,CERAMIC_RESONATOR,Ceramic Resonator,c,C,3213,3213,3,3,3_PIN_GROUND_PIN_2,3 Pin Ground Pin 2,3,3,12_MEGA_HERTZ,12 Mega Hertz,1,1,,,,,,,,,,,,,ceramic_resonator_3213_3_pin_ground_pin_2_12_mega_hertz,3213_3_pin_ground_pin_2_12_mega_hertz,3_pin_ground_pin_2_12_mega_hertz,oomp_electronic_ceramic_resonator_3213_3_pin_ground_pin_2_12_mega_hertz,https://github.com/oomlout/oomlout_oomp_part_src/tree/main/parts/electronic_ceramic_resonator_3213_3_pin_ground_pin_2_12_mega_hertz/working,parts/electronic_ceramic_resonator_3213_3_pin_ground_pin_2_12_mega_hertz,Electronic Ceramic Resonator 3213 3 Pin Ground Pin 2 12 Mega Hertz,Ceramic Resonator 3213 3 Pin Ground Pin 2 12 Mega Hertz,3213 3 Pin Ground Pin 2 12 Mega Hertz,3 Pin Ground Pin 2 12 Mega Hertz,XCR3213MHZ12,7a66154160ed05623cf4b7ab5853ac4e,7a661,7A661,7a6615,7A6615,4rxg5,4RXG5,7a66154160,7A66154160,3213,3213,12,12,3 Pin Ground Pin 2 12 Mega Hertz,312,312,[electronic_ceramic_resonator_3213_3_pin_ground_pin_2_12_mega_hertz](https://github.com/oomlout/oomlout_oomp_part_src/tree/main/parts/electronic_ceramic_resonator_3213_3_pin_ground_pin_2_12_mega_hertz/working)<br>[xcr3213mhz12](https://github.com/oomlout/oomlout_oomp_part_src/tree/main/parts/electronic_ceramic_resonator_3213_3_pin_ground_pin_2_12_mega_hertz/working)<br>[Electronic Ceramic Resonator 3213 3 Pin Ground Pin 2 12 Mega Hertz](https://github.com/oomlout/oomlout_oomp_part_src/tree/main/parts/electronic_ceramic_resonator_3213_3_pin_ground_pin_2_12_mega_hertz/working)<br>[LCSC - C341520<br>](https://lcsc.com/product-detail/C341520.html)<br>[Murata - CSTNE12M0G550000R0](https://www.murata.com/en-eu/products/productdetail?cate=cgsubResonators&partno=CSTNE12M0G550000R0) [(L)  ](https://www.lcsc.com/search?q=CSTNE12M0G550000R0)[(D)  ](https://www.digikey.com/en/products?keywords=CSTNE12M0G550000R0)[(M)  ](https://www.mouser.com/Search/Refine?Keyword=CSTNE12M0G550000R0)[(N)  ](https://www.newark.com/search?st=CSTNE12M0G550000R0)[(SZ)  ](https://so.szlcsc.com/global.html?k=CSTNE12M0G550000R0)<br>,[electronic_ceramic_resonator_3213_3_pin_ground_pin_2_12_mega_hertz](https://github.com/oomlout/oomlout_oomp_part_src/tree/main/parts/electronic_ceramic_resonator_3213_3_pin_ground_pin_2_12_mega_hertz/working)<br>[LCSC - C341520<br>](https://lcsc.com/product-detail/C341520.html)<br>[Murata - CSTNE12M0G550000R0](https://www.murata.com/en-eu/products/productdetail?cate=cgsubResonators&partno=CSTNE12M0G550000R0),https://github.com/oomlout/oomlout_oomp_footprint_bot/tree/main/foootprntss/kicad_crystal_resonator_smd_murata_cstxexxv_3pin_3_0x1_1mm,oomp_kicad_crystal_resonator_smd_murata_cstxexxv_3pin_3_0x1_1mm,oomlout_oomp_footprint_bot/footprints/kicad_crystal_resonator_smd_murata_cstxexxv_3pin_3_0x1_1mm//working/working.kicad_mod,0,,,,,,,,,,,,,,,,,,,,,,,,,,,,,,,,,,,,,,,,,,,,,,,,,,,,,,,,,,,,,,,,,,,,,,,,,,,,,,,,,,,,,,,,,,,,,,,,,,,,,,,,,,,,,,,,,,,,,,,,,,LCSC,C341520,https://lcsc.com/product-detail/C341520.html,distributor_lcsc,,,,,https://github.com/oomlout/oomlout_oomp_symbol_bot/tree/main/symbols/kicad_device_crystal_gnd2,oomp_kicad_device_crystal_gnd2,oomlout_oomp_symbol_bot/symbols/kicad_device_crystal_gnd2//working/working.kicad_sym,0,Murata,CSTNE12M0G550000R0,https://www.murata.com/en-eu/products/productdetail?cate=cgsubResonators&partno=CSTNE12M0G550000R0,manufacturer_murata,,,,,,,,,,,,,,,,,,,,,,,,,
electronic_ceramic_resonator_3213_3_pin_ground_pin_2_16_mega_hertz,xcr3213mhz16,electronic,ceramic_resonator,3213,3_pin_ground_pin_2,16_mega_hertz,,,,,,x,ELECTRONIC,Electronic,e,E,CERAMIC_RESONATOR,Ceramic Resonator,c,C,3213,3213,3,3,3_PIN_GROUND_PIN_2,3 Pin Ground Pin 2,3,3,16_MEGA_HERTZ,16 Mega Hertz,1,1,,,,,,,,,,,,,ceramic_resonator_3213_3_pin_ground_pin_2_16_mega_hertz,3213_3_pin_ground_pin_2_16_mega_hertz,3_pin_ground_pin_2_16_mega_hertz,oomp_electronic_ceramic_resonator_3213_3_pin_ground_pin_2_16_mega_hertz,https://github.com/oomlout/oomlout_oomp_part_src/tree/main/parts/electronic_ceramic_resonator_3213_3_pin_ground_pin_2_16_mega_hertz/working,parts/electronic_ceramic_resonator_3213_3_pin_ground_pin_2_16_mega_hertz,Electronic Ceramic Resonator 3213 3 Pin Ground Pin 2 16 Mega Hertz,Ceramic Resonator 3213 3 Pin Ground Pin 2 16 Mega Hertz,3213 3 Pin Ground Pin 2 16 Mega Hertz,3 Pin Ground Pin 2 16 Mega Hertz,XCR3213MHZ16,ebaebba3b264fd4a342d970d6a4f461e,ebaeb,EBAEB,ebaebb,EBAEBB,971yz,971YZ,ebaebba3b2,EBAEBBA3B2,3213,3213,16,16,3 Pin Ground Pin 2 16 Mega Hertz,316,316,[electronic_ceramic_resonator_3213_3_pin_ground_pin_2_16_mega_hertz](https://github.com/oomlout/oomlout_oomp_part_src/tree/main/parts/electronic_ceramic_resonator_3213_3_pin_ground_pin_2_16_mega_hertz/working)<br>[xcr3213mhz16](https://github.com/oomlout/oomlout_oomp_part_src/tree/main/parts/electronic_ceramic_resonator_3213_3_pin_ground_pin_2_16_mega_hertz/working)<br>[Electronic Ceramic Resonator 3213 3 Pin Ground Pin 2 16 Mega Hertz](https://github.com/oomlout/oomlout_oomp_part_src/tree/main/parts/electronic_ceramic_resonator_3213_3_pin_ground_pin_2_16_mega_hertz/working)<br>[LCSC - C882605<br>](https://lcsc.com/product-detail/C882605.html)<br>[Murata - CSTNE16M0VH3C000R0](https://www.murata.com/en-eu/products/productdetail?cate=cgsubResonators&partno=CSTNE16M0VH3C000R0) [(L)  ](https://www.lcsc.com/search?q=CSTNE16M0VH3C000R0)[(D)  ](https://www.digikey.com/en/products?keywords=CSTNE16M0VH3C000R0)[(M)  ](https://www.mouser.com/Search/Refine?Keyword=CSTNE16M0VH3C000R0)[(N)  ](https://www.newark.com/search?st=CSTNE16M0VH3C000R0)[(SZ)  ](https://so.szlcsc.com/global.html?k=CSTNE16M0VH3C000R0)<br>,[electronic_ceramic_resonator_3213_3_pin_ground_pin_2_16_mega_hertz](https://github.com/oomlout/oomlout_oomp_part_src/tree/main/parts/electronic_ceramic_resonator_3213_3_pin_ground_pin_2_16_mega_hertz/working)<br>[LCSC - C882605<br>](https://lcsc.com/product-detail/C882605.html)<br>[Murata - CSTNE16M0VH3C000R0](https://www.murata.com/en-eu/products/productdetail?cate=cgsubResonators&partno=CSTNE16M0VH3C000R0),https://github.com/oomlout/oomlout_oomp_footprint_bot/tree/main/foootprntss/kicad_crystal_resonator_smd_murata_cstxexxv_3pin_3_0x1_1mm,oomp_kicad_crystal_resonator_smd_murata_cstxexxv_3pin_3_0x1_1mm,oomlout_oomp_footprint_bot/footprints/kicad_crystal_resonator_smd_murata_cstxexxv_3pin_3_0x1_1mm//working/working.kicad_mod,0,,,,,,,,,,,,,,,,,,,,,,,,,,,,,,,,,,,,,,,,,,,,,,,,,,,,,,,,,,,,,,,,,,,,,,,,,,,,,,,,,,,,,,,,,,,,,,,,,,,,,,,,,,,,,,,,,,,,,,,,,,LCSC,C882605,https://lcsc.com/product-detail/C882605.html,distributor_lcsc,,,,,https://github.com/oomlout/oomlout_oomp_symbol_bot/tree/main/symbols/kicad_device_crystal_gnd2,oomp_kicad_device_crystal_gnd2,oomlout_oomp_symbol_bot/symbols/kicad_device_crystal_gnd2//working/working.kicad_sym,0,Murata,CSTNE16M0VH3C000R0,https://www.murata.com/en-eu/products/productdetail?cate=cgsubResonators&partno=CSTNE16M0VH3C000R0,manufacturer_murata,,,,,,,,,,,,,,,,,,,,,,,,,
electronic_diode_schottky_sod_123_package_marking_b2_mbr0520,dssod123pmb2mbr0520,electronic,diode_schottky,sod_123,,,package_marking_b2,,mbr0520,,,D,ELECTRONIC,Electronic,e,E,DIODE_SCHOTTKY,Diode Schottky,d,D,SOD_123,Sod 123,s,S,,,,,,,,,PACKAGE_MARKING_B2,Package Marking B2,p,P,,,,,MBR0520,Mbr0520,m,M,diode_schottky_sod_123_package_marking_b2_mbr0520,sod_123_package_marking_b2_mbr0520,package_marking_b2_mbr0520,oomp_electronic_diode_schottky_sod_123_package_marking_b2_mbr0520,https://github.com/oomlout/oomlout_oomp_part_src/tree/main/parts/electronic_diode_schottky_sod_123_package_marking_b2_mbr0520/working,parts/electronic_diode_schottky_sod_123_package_marking_b2_mbr0520,Electronic Diode Schottky Sod 123 Package Marking B2 Mbr0520,Diode Schottky Sod 123 Package Marking B2 Mbr0520,Sod 123 Package Marking B2 Mbr0520,Package Marking B2 Mbr0520,DSSOD123PMB2MBR0520,fd1bfba95edbbb6f03cb0e465b2a0493,fd1bf,FD1BF,fd1bfb,FD1BFB,9vj7f,9VJ7F,fd1bfba95e,FD1BFBA95E,123,123,, ,Package Marking B2 Mbr0520, , ,"[electronic_diode_schottky_sod_123_package_marking_b2_mbr0520](https://github.com/oomlout/oomlout_oomp_part_src/tree/main/parts/electronic_diode_schottky_sod_123_package_marking_b2_mbr0520/working)<br>[dssod123pmb2mbr0520](https://github.com/oomlout/oomlout_oomp_part_src/tree/main/parts/electronic_diode_schottky_sod_123_package_marking_b2_mbr0520/working)<br>[Electronic Diode Schottky Sod 123 Package Marking B2 Mbr0520](https://github.com/oomlout/oomlout_oomp_part_src/tree/main/parts/electronic_diode_schottky_sod_123_package_marking_b2_mbr0520/working)<br>[LCSC - C77335<br>](https://lcsc.com/product-detail/C77335.html)[LCSC - C475717<br>](https://lcsc.com/product-detail/C475717.html)<br>[Jiangsu Changjing Electronics Technology Co., Ltd. - MBR0520]() [(L)  ](https://www.lcsc.com/search?q=MBR0520)[(D)  ](https://www.digikey.com/en/products?keywords=MBR0520)[(M)  ](https://www.mouser.com/Search/Refine?Keyword=MBR0520)[(N)  ](https://www.newark.com/search?st=MBR0520)[(SZ)  ](https://so.szlcsc.com/global.html?k=MBR0520)<br>[Shikues - MBR0520]() [(L)  ](https://www.lcsc.com/search?q=MBR0520)[(D)  ](https://www.digikey.com/en/products?keywords=MBR0520)[(M)  ](https://www.mouser.com/Search/Refine?Keyword=MBR0520)[(N)  ](https://www.newark.com/search?st=MBR0520)[(SZ)  ](https://so.szlcsc.com/global.html?k=MBR0520)<br>[onsemi - MBR0520LT3G]() [(L)  ](https://www.lcsc.com/search?q=MBR0520LT3G)[(D)  ](https://www.digikey.com/en/products?keywords=MBR0520LT3G)[(M)  ](https://www.mouser.com/Search/Refine?Keyword=MBR0520LT3G)[(N)  ](https://www.newark.com/search?st=MBR0520LT3G)[(SZ)  ](https://so.szlcsc.com/global.html?k=MBR0520LT3G)<br>","[electronic_diode_schottky_sod_123_package_marking_b2_mbr0520](https://github.com/oomlout/oomlout_oomp_part_src/tree/main/parts/electronic_diode_schottky_sod_123_package_marking_b2_mbr0520/working)<br>[LCSC - C77335<br>](https://lcsc.com/product-detail/C77335.html)[LCSC - C475717<br>](https://lcsc.com/product-detail/C475717.html)<br>[Jiangsu Changjing Electronics Technology Co., Ltd. - MBR0520]()[Shikues - MBR0520]()[onsemi - MBR0520LT3G]()",https://github.com/oomlout/oomlout_oomp_footprint_bot/tree/main/foootprntss/kicad_diode_smd_d_sod_123,oomp_kicad_diode_smd_d_sod_123,oomlout_oomp_footprint_bot/footprints/kicad_diode_smd_d_sod_123//working/working.kicad_mod,0,,,,,,,,,,,,,,,,,,,,,,,,,,,,,,,,,,,,,,,,,,,,,,,,,,,,,,,,,,,,,,,,,,,,,,,,,,,,,,,,,,,,,,,,,,,,,,,,,,,,,,,,,,,,,,,,,,,,,,,,,,LCSC,C77335,https://lcsc.com/product-detail/C77335.html,distributor_lcsc,,,,,https://github.com/oomlout/oomlout_oomp_symbol_bot/tree/main/symbols/kicad_device_d_schottky,oomp_kicad_device_d_schottky,oomlout_oomp_symbol_bot/symbols/kicad_device_d_schottky//working/working.kicad_sym,0,"Jiangsu Changjing Electronics Technology Co., Ltd.",MBR0520,,manufacturer_jiangsu_changjing_electronics_technology_co_ltd,Shikues,MBR0520,,manufacturer_shikues,LCSC,C475717,https://lcsc.com/product-detail/C475717.html,distributor_lcsc,onsemi,MBR0520LT3G,,manufacturer_onsemi,,,,,,,,,,,,,
electronic_ic_tqfp_32_mcu_atmega328_microchip_atmega328p_au,itq32mcuat328,electronic,ic,tqfp_32,mcu,atmega328,,microchip,atmega328p_au,,atmega328 32 pin tqfp,,ELECTRONIC,Electronic,e,E,IC,Ic,i,I,TQFP_32,Tqfp 32,t,T,MCU,Mcu,m,M,ATMEGA328,Atmega328,a,A,,,,,MICROCHIP,Microchip,m,M,ATMEGA328P_AU,Atmega328P Au,a,A,ic_tqfp_32_mcu_atmega328_microchip_atmega328p_au,tqfp_32_mcu_atmega328_microchip_atmega328p_au,mcu_atmega328_microchip_atmega328p_au,oomp_electronic_ic_tqfp_32_mcu_atmega328_microchip_atmega328p_au,https://github.com/oomlout/oomlout_oomp_part_src/tree/main/parts/electronic_ic_tqfp_32_mcu_atmega328_microchip_atmega328p_au/working,parts/electronic_ic_tqfp_32_mcu_atmega328_microchip_atmega328p_au,Electronic Ic Tqfp 32 Mcu Atmega328 Microchip Atmega328P Au,Ic Tqfp 32 Mcu Atmega328 Microchip Atmega328P Au,Tqfp 32 Mcu Atmega328 Microchip Atmega328P Au,Mcu Atmega328 Microchip Atmega328P Au,ITQ32MCUAT328,16166fb725b2a6d4d2a6cc8dfeeccaf7,16166,16166,16166f,16166F,v0xb,V0XB,16166fb725,16166FB725,32,32,328,328,Mcu Atmega328 Microchip Atmega328P Au,M328,M328,[electronic_ic_tqfp_32_mcu_atmega328_microchip_atmega328p_au](https://github.com/oomlout/oomlout_oomp_part_src/tree/main/parts/electronic_ic_tqfp_32_mcu_atmega328_microchip_atmega328p_au/working)<br>[itq32mcuat328](https://github.com/oomlout/oomlout_oomp_part_src/tree/main/parts/electronic_ic_tqfp_32_mcu_atmega328_microchip_atmega328p_au/working)<br>[Electronic Ic Tqfp 32 Mcu Atmega328 Microchip Atmega328P Au](https://github.com/oomlout/oomlout_oomp_part_src/tree/main/parts/electronic_ic_tqfp_32_mcu_atmega328_microchip_atmega328p_au/working)<br>[LCSC - C14877<br>](https://lcsc.com/product-detail/C14877.html)[LCSC - C618816<br>](https://lcsc.com/product-detail/C618816.html)<br>[Microchip - ATMEGA328P-AU](https://www.microchip.com/wwwproducts/en/ATMEGA328P-AU) [(L)  ](https://www.lcsc.com/search?q=ATMEGA328P-AU)[(D)  ](https://www.digikey.com/en/products?keywords=ATMEGA328P-AU)[(M)  ](https://www.mouser.com/Search/Refine?Keyword=ATMEGA328P-AU)[(N)  ](https://www.newark.com/search?st=ATMEGA328P-AU)[(SZ)  ](https://so.szlcsc.com/global.html?k=ATMEGA328P-AU)<br>[Microchip - ATMEGA328P-AUR](https://www.microchip.com/wwwproducts/en/ATMEGA328P-AUR) [(L)  ](https://www.lcsc.com/search?q=ATMEGA328P-AUR)[(D)  ](https://www.digikey.com/en/products?keywords=ATMEGA328P-AUR)[(M)  ](https://www.mouser.com/Search/Refine?Keyword=ATMEGA328P-AUR)[(N)  ](https://www.newark.com/search?st=ATMEGA328P-AUR)[(SZ)  ](https://so.szlcsc.com/global.html?k=ATMEGA328P-AUR)<br>,[electronic_ic_tqfp_32_mcu_atmega328_microchip_atmega328p_au](https://github.com/oomlout/oomlout_oomp_part_src/tree/main/parts/electronic_ic_tqfp_32_mcu_atmega328_microchip_atmega328p_au/working)<br>[LCSC - C14877<br>](https://lcsc.com/product-detail/C14877.html)[LCSC - C618816<br>](https://lcsc.com/product-detail/C618816.html)<br>[Microchip - ATMEGA328P-AU](https://www.microchip.com/wwwproducts/en/ATMEGA328P-AU)[Microchip - ATMEGA328P-AUR](https://www.microchip.com/wwwproducts/en/ATMEGA328P-AUR),https://github.com/oomlout/oomlout_oomp_footprint_bot/tree/main/foootprntss/kicad_package_qfp_tqfp_32_7x7mm_p0_8mm,oomp_kicad_package_qfp_tqfp_32_7x7mm_p0_8mm,oomlout_oomp_footprint_bot/footprints/kicad_package_qfp_tqfp_32_7x7mm_p0_8mm//working/working.kicad_mod,0,,,,,,,,,,,,,,,,,,,,,,,,,,,,,,,,,,,,,,,,,,,,,,,,,,,,,,,,,,,,,,,,,,,,,,,,,,,,,,,,,,,,,,,,,,,,,,,,,,,,,,,,,,,,,,,,,,,,,,,,,,LCSC,C14877,https://lcsc.com/product-detail/C14877.html,distributor_lcsc,tray,,,,https://github.com/oomlout/oomlout_oomp_symbol_bot/tree/main/symbols/kicad_mcu_microchip_atmega_atmega328_a,oomp_kicad_mcu_microchip_atmega_atmega328_a,oomlout_oomp_symbol_bot/symbols/kicad_mcu_microchip_atmega_atmega328_a//working/working.kicad_sym,0,Microchip,ATMEGA328P-AU,https://www.microchip.com/wwwproducts/en/ATMEGA328P-AU,manufacturer_microchip,Microchip,ATMEGA328P-AUR,https://www.microchip.com/wwwproducts/en/ATMEGA328P-AUR,manufacturer_microchip,LCSC,C618816,https://lcsc.com/product-detail/C618816.html,distributor_lcsc,,,,,,,,,,,,,,,,,
electronic_ic_sop_16_converter_usb_to_serial_converter_wch_ch340g,isp16ch340g,electronic,ic,sop_16,converter,usb_to_serial_converter,,wch,ch340g,,usb to serial converter (ch340g),U,ELECTRONIC,Electronic,e,E,IC,Ic,i,I,SOP_16,Sop 16,s,S,CONVERTER,Converter,c,C,USB_TO_SERIAL_CONVERTER,Usb To Serial Converter,u,U,,,,,WCH,Wch,w,W,CH340G,Ch340G,c,C,ic_sop_16_converter_usb_to_serial_converter_wch_ch340g,sop_16_converter_usb_to_serial_converter_wch_ch340g,converter_usb_to_serial_converter_wch_ch340g,oomp_electronic_ic_sop_16_converter_usb_to_serial_converter_wch_ch340g,https://github.com/oomlout/oomlout_oomp_part_src/tree/main/parts/electronic_ic_sop_16_converter_usb_to_serial_converter_wch_ch340g/working,parts/electronic_ic_sop_16_converter_usb_to_serial_converter_wch_ch340g,Electronic Ic Sop 16 Converter Usb To Serial Converter Wch Ch340G,Ic Sop 16 Converter Usb To Serial Converter Wch Ch340G,Sop 16 Converter Usb To Serial Converter Wch Ch340G,Converter Usb To Serial Converter Wch Ch340G,ISP16CH340G,0f3b38de4bb8ab11ae1d9cca34a3b7af,0f3b3,0F3B3,0f3b38,0F3B38,le7s,LE7S,0f3b38de4b,0F3B38DE4B,16,16,, ,Converter Usb To Serial Converter Wch Ch340G,C ,C ,[electronic_ic_sop_16_converter_usb_to_serial_converter_wch_ch340g](https://github.com/oomlout/oomlout_oomp_part_src/tree/main/parts/electronic_ic_sop_16_converter_usb_to_serial_converter_wch_ch340g/working)<br>[isp16ch340g](https://github.com/oomlout/oomlout_oomp_part_src/tree/main/parts/electronic_ic_sop_16_converter_usb_to_serial_converter_wch_ch340g/working)<br>[Electronic Ic Sop 16 Converter Usb To Serial Converter Wch Ch340G](https://github.com/oomlout/oomlout_oomp_part_src/tree/main/parts/electronic_ic_sop_16_converter_usb_to_serial_converter_wch_ch340g/working)<br>[LCSC - C14267<br>](https://lcsc.com/product-detail/C14267.html)<br>,[electronic_ic_sop_16_converter_usb_to_serial_converter_wch_ch340g](https://github.com/oomlout/oomlout_oomp_part_src/tree/main/parts/electronic_ic_sop_16_converter_usb_to_serial_converter_wch_ch340g/working)<br>[LCSC - C14267<br>](https://lcsc.com/product-detail/C14267.html)<br>,https://github.com/oomlout/oomlout_oomp_footprint_bot/tree/main/foootprntss/kicad_package_so_sop_16_3_9x9_9mm_p1_27mm,oomp_kicad_package_so_sop_16_3_9x9_9mm_p1_27mm,oomlout_oomp_footprint_bot/footprints/kicad_package_so_sop_16_3_9x9_9mm_p1_27mm//working/working.kicad_mod,0,gnd,1,signal,"{'name': 'gnd', 'number': '1', 'type': 'signal'}",txd,2,signal,"{'name': 'txd', 'number': '2', 'type': 'signal'}",rxd,3,signal,"{'name': 'rxd', 'number': '3', 'type': 'signal'}",v3,4,signal,"{'name': 'v3', 'number': '4', 'type': 'signal'}",ud_positive,5,signal,"{'name': 'ud_positive', 'number': '5', 'type': 'signal'}",ud_negative,6,gnd,"{'name': 'ud_negative', 'number': '6', 'type': 'gnd'}",xi,7,signal,"{'name': 'xi', 'number': '7', 'type': 'signal'}",xo,8,signal,"{'name': 'xo', 'number': '8', 'type': 'signal'}",cts,9,signal,"{'name': 'cts', 'number': '9', 'type': 'signal'}",dsr,10,signal,"{'name': 'dsr', 'number': '10', 'type': 'signal'}",ri,11,signal,"{'name': 'ri', 'number': '11', 'type': 'signal'}",dcd,12,signal,"{'name': 'dcd', 'number': '12', 'type': 'signal'}",dtr,13,signal,"{'name': 'dtr', 'number': '13', 'type': 'signal'}",rts,14,signal,"{'name': 'rts', 'number': '14', 'type': 'signal'}",rs232,15,signal,"{'name': 'rs232', 'number': '15', 'type': 'signal'}",vcc,16,signal,"{'name': 'vcc', 'number': '16', 'type': 'signal'}",,,,,,,,,,,,,,,,,,,,,,,,,,,,,,,,,,,,,,,,,,,,,,,,,,,,,,,,,"{'pin_1': {'name': 'gnd', 'number': '1', 'type': 'signal'}, 'pin_2': {'name': 'txd', 'number': '2', 'type': 'signal'}, 'pin_3': {'name': 'rxd', 'number': '3', 'type': 'signal'}, 'pin_4': {'name': 'v3', 'number': '4', 'type': 'signal'}, 'pin_5': {'name': 'ud_positive', 'number': '5', 'type': 'signal'}, 'pin_6': {'name': 'ud_negative', 'number': '6', 'type': 'gnd'}, 'pin_7': {'name': 'xi', 'number': '7', 'type': 'signal'}, 'pin_8': {'name': 'xo', 'number': '8', 'type': 'signal'}, 'pin_9': {'name': 'cts', 'number': '9', 'type': 'signal'}, 'pin_10': {'name': 'dsr', 'number': '10', 'type': 'signal'}, 'pin_11': {'name': 'ri', 'number': '11', 'type': 'signal'}, 'pin_12': {'name': 'dcd', 'number': '12', 'type': 'signal'}, 'pin_13': {'name': 'dtr', 'number': '13', 'type': 'signal'}, 'pin_14': {'name': 'rts', 'number': '14', 'type': 'signal'}, 'pin_15': {'name': 'rs232', 'number': '15', 'type': 'signal'}, 'pin_16': {'name': 'vcc', 'number': '16', 'type': 'signal'}}",LCSC,C14267,https://lcsc.com/product-detail/C14267.html,distributor_lcsc,,,,,https://github.com/oomlout/oomlout_oomp_symbol_bot/tree/main/symbols/kicad_interface_usb_ch340g,oomp_kicad_interface_usb_ch340g,oomlout_oomp_symbol_bot/symbols/kicad_interface_usb_ch340g//working/working.kicad_sym,0,,,,,,,,,,,,,,,,,,,,,,,,,,,,,
electronic_led_0603_red,l6r,electronic,led,0603,red,,,,,,0603 Red Led,L,ELECTRONIC,Electronic,e,E,LED,Led,l,L,0603,0603,0,0,RED,Red,r,R,,,,,,,,,,,,,,,,,led_0603_red,0603_red,red,oomp_electronic_led_0603_red,https://github.com/oomlout/oomlout_oomp_part_src/tree/main/parts/electronic_led_0603_red/working,parts/electronic_led_0603_red,Electronic Led 0603 Red,Led 0603 Red,0603 Red,Red,L6R,255611ec8565e66dea88d4fba9421c6d,25561,25561,255611,255611,1gg0h,1GG0H,255611ec85,255611EC85,0603,63,, ,Red,R ,R ,[electronic_led_0603_red](https://github.com/oomlout/oomlout_oomp_part_src/tree/main/parts/electronic_led_0603_red/working)<br>[l6r](https://github.com/oomlout/oomlout_oomp_part_src/tree/main/parts/electronic_led_0603_red/working)<br>[Electronic Led 0603 Red](https://github.com/oomlout/oomlout_oomp_part_src/tree/main/parts/electronic_led_0603_red/working)<br>[LCSC - C965799<br>](https://lcsc.com/product-detail/C965799.html)<br>[XINGLIGHT - XL-1608SURC-06]() [(L)  ](https://www.lcsc.com/search?q=XL-1608SURC-06)[(D)  ](https://www.digikey.com/en/products?keywords=XL-1608SURC-06)[(M)  ](https://www.mouser.com/Search/Refine?Keyword=XL-1608SURC-06)[(N)  ](https://www.newark.com/search?st=XL-1608SURC-06)[(SZ)  ](https://so.szlcsc.com/global.html?k=XL-1608SURC-06)<br>,[electronic_led_0603_red](https://github.com/oomlout/oomlout_oomp_part_src/tree/main/parts/electronic_led_0603_red/working)<br>[LCSC - C965799<br>](https://lcsc.com/product-detail/C965799.html)<br>[XINGLIGHT - XL-1608SURC-06](),https://github.com/oomlout/oomlout_oomp_footprint_bot/tree/main/foootprntss/kicad_led_smd_led_0603_1608metric,oomp_kicad_led_smd_led_0603_1608metric,oomlout_oomp_footprint_bot/footprints/kicad_led_smd_led_0603_1608metric//working/working.kicad_mod,0,,,,,,,,,,,,,,,,,,,,,,,,,,,,,,,,,,,,,,,,,,,,,,,,,,,,,,,,,,,,,,,,,,,,,,,,,,,,,,,,,,,,,,,,,,,,,,,,,,,,,,,,,,,,,,,,,,,,,,,,,,LCSC,C965799,https://lcsc.com/product-detail/C965799.html,distributor_lcsc,smd_tape,8_mm,1_5_mm,4_mm,https://github.com/oomlout/oomlout_oomp_symbol_bot/tree/main/symbols/kicad_device_led,oomp_kicad_device_led,oomlout_oomp_symbol_bot/symbols/kicad_device_led//working/working.kicad_sym,0,XINGLIGHT,XL-1608SURC-06,,manufacturer_xinglight,,,,,,,,,,,,,,,,,,,,,,,,,
electronic_pmic_sot_223_linear_1117_5_volt,pms2231117v5,electronic,pmic,sot_223,linear,1117,5_volt,,,,,,ELECTRONIC,Electronic,e,E,PMIC,Pmic,p,P,SOT_223,Sot 223,s,S,LINEAR,Linear,l,L,1117,1117,1,1,5_VOLT,5 Volt,5,5,,,,,,,,,pmic_sot_223_linear_1117_5_volt,sot_223_linear_1117_5_volt,linear_1117_5_volt,oomp_electronic_pmic_sot_223_linear_1117_5_volt,https://github.com/oomlout/oomlout_oomp_part_src/tree/main/parts/electronic_pmic_sot_223_linear_1117_5_volt/working,parts/electronic_pmic_sot_223_linear_1117_5_volt,Electronic Pmic Sot 223 Linear 1117 5 Volt,Pmic Sot 223 Linear 1117 5 Volt,Sot 223 Linear 1117 5 Volt,Linear 1117 5 Volt,PMS2231117V5,f26ce0b91db98ace92559b334d2cc5a6,f26ce,F26CE,f26ce0,F26CE0,9gixs,9GIXS,f26ce0b91d,F26CE0B91D,223,223,1117,1k1,Linear 1k1 5 Volt,L1k1,L1K1,"[electronic_pmic_sot_223_linear_1117_5_volt](https://github.com/oomlout/oomlout_oomp_part_src/tree/main/parts/electronic_pmic_sot_223_linear_1117_5_volt/working)<br>[pms2231117v5](https://github.com/oomlout/oomlout_oomp_part_src/tree/main/parts/electronic_pmic_sot_223_linear_1117_5_volt/working)<br>[Electronic Pmic Sot 223 Linear 1117 5 Volt](https://github.com/oomlout/oomlout_oomp_part_src/tree/main/parts/electronic_pmic_sot_223_linear_1117_5_volt/working)<br>[LCSC - C347223<br>](https://lcsc.com/product-detail/C347223.html)<br>[UMW(Youtai Semiconductor Co., Ltd.) - AMS1117-5.0]() [(L)  ](https://www.lcsc.com/search?q=AMS1117-5.0)[(D)  ](https://www.digikey.com/en/products?keywords=AMS1117-5.0)[(M)  ](https://www.mouser.com/Search/Refine?Keyword=AMS1117-5.0)[(N)  ](https://www.newark.com/search?st=AMS1117-5.0)[(SZ)  ](https://so.szlcsc.com/global.html?k=AMS1117-5.0)<br>","[electronic_pmic_sot_223_linear_1117_5_volt](https://github.com/oomlout/oomlout_oomp_part_src/tree/main/parts/electronic_pmic_sot_223_linear_1117_5_volt/working)<br>[LCSC - C347223<br>](https://lcsc.com/product-detail/C347223.html)<br>[UMW(Youtai Semiconductor Co., Ltd.) - AMS1117-5.0]()",https://github.com/oomlout/oomlout_oomp_footprint_bot/tree/main/foootprntss/kicad_package_to_sot_smd_sot_223_3_tabpin2,oomp_kicad_package_to_sot_smd_sot_223_3_tabpin2,oomlout_oomp_footprint_bot/footprints/kicad_package_to_sot_smd_sot_223_3_tabpin2//working/working.kicad_mod,0,,,,,,,,,,,,,,,,,,,,,,,,,,,,,,,,,,,,,,,,,,,,,,,,,,,,,,,,,,,,,,,,,,,,,,,,,,,,,,,,,,,,,,,,,,,,,,,,,,,,,,,,,,,,,,,,,,,,,,,,,,LCSC,C347223,https://lcsc.com/product-detail/C347223.html,distributor_lcsc,smd_tape,12_mm,2_mm,8_mm,https://github.com/oomlout/oomlout_oomp_symbol_bot/tree/main/symbols/kicad_regulator_linear_ap1117_50,oomp_kicad_regulator_linear_ap1117_50,oomlout_oomp_symbol_bot/symbols/kicad_regulator_linear_ap1117_50//working/working.kicad_sym,0,"UMW(Youtai Semiconductor Co., Ltd.)",AMS1117-5.0,,manufacturer_umw_youtai_semiconductor_co_ltd,,,,,,,,,,,,,,,,,,,,,,,,,
electronic_resistor_0603_1000_ohm,r6o102,electronic,resistor,0603,,1000_ohm,,,,,,R,ELECTRONIC,Electronic,e,E,RESISTOR,Resistor,r,R,0603,0603,0,0,,,,,1000_OHM,1000 Ohm,1,1,,,,,,,,,,,,,resistor_0603_1000_ohm,0603_1000_ohm,1000_ohm,oomp_electronic_resistor_0603_1000_ohm,https://github.com/oomlout/oomlout_oomp_part_src/tree/main/parts/electronic_resistor_0603_1000_ohm/working,parts/electronic_resistor_0603_1000_ohm,Electronic Resistor 0603 1000 Ohm,Resistor 0603 1000 Ohm,0603 1000 Ohm,1000 Ohm,R6O102,01afabf1a1678439fdd5ce5dd9569083,01afa,01AFA,01afab,01AFAB,2d9n,2D9N,01afabf1a1,01AFABF1A1,0603,63,1000,1k,1k Ohm,1k,1K,[electronic_resistor_0603_1000_ohm](https://github.com/oomlout/oomlout_oomp_part_src/tree/main/parts/electronic_resistor_0603_1000_ohm/working)<br>[r6o102](https://github.com/oomlout/oomlout_oomp_part_src/tree/main/parts/electronic_resistor_0603_1000_ohm/working)<br>[Electronic Resistor 0603 1000 Ohm](https://github.com/oomlout/oomlout_oomp_part_src/tree/main/parts/electronic_resistor_0603_1000_ohm/working)<br><br>[Uniroyal - 0603WAJ0102T5E- not in jlc basic parts]() [(L)  ](https://www.lcsc.com/search?q=0603WAJ0102T5E)[(D)  ](https://www.digikey.com/en/products?keywords=0603WAJ0102T5E)[(M)  ](https://www.mouser.com/Search/Refine?Keyword=0603WAJ0102T5E)[(N)  ](https://www.newark.com/search?st=0603WAJ0102T5E)[(SZ)  ](https://so.szlcsc.com/global.html?k=0603WAJ0102T5E)<br>[Uniroyal - 0603WAF1001T5E- jlc basic part]() [(L)  ](https://www.lcsc.com/search?q=0603WAF1001T5E)[(D)  ](https://www.digikey.com/en/products?keywords=0603WAF1001T5E)[(M)  ](https://www.mouser.com/Search/Refine?Keyword=0603WAF1001T5E)[(N)  ](https://www.newark.com/search?st=0603WAF1001T5E)[(SZ)  ](https://so.szlcsc.com/global.html?k=0603WAF1001T5E)<br>[Yageo - RC0603JR-071KL- available everywhere](https://www.yageo.com/en/Chart/Download/pdf/RC0603JR-071KL) [(L)  ](https://www.lcsc.com/search?q=RC0603JR-071KL)[(D)  ](https://www.digikey.com/en/products?keywords=RC0603JR-071KL)[(M)  ](https://www.mouser.com/Search/Refine?Keyword=RC0603JR-071KL)[(N)  ](https://www.newark.com/search?st=RC0603JR-071KL)[(SZ)  ](https://so.szlcsc.com/global.html?k=RC0603JR-071KL)<br>,[electronic_resistor_0603_1000_ohm](https://github.com/oomlout/oomlout_oomp_part_src/tree/main/parts/electronic_resistor_0603_1000_ohm/working)<br><br>[Uniroyal - 0603WAJ0102T5E- not in jlc basic parts]()[Uniroyal - 0603WAF1001T5E- jlc basic part]()[Yageo - RC0603JR-071KL- available everywhere](https://www.yageo.com/en/Chart/Download/pdf/RC0603JR-071KL),https://github.com/oomlout/oomlout_oomp_footprint_bot/tree/main/foootprntss/kicad_resistor_smd_r_0603_1608metric,oomp_kicad_resistor_smd_r_0603_1608metric,oomlout_oomp_footprint_bot/footprints/kicad_resistor_smd_r_0603_1608metric//working/working.kicad_mod,0,,,,,,,,,,,,,,,,,,,,,,,,,,,,,,,,,,,,,,,,,,,,,,,,,,,,,,,,,,,,,,,,,,,,,,,,,,,,,,,,,,,,,,,,,,,,,,,,,,,,,,,,,,,,,,,,,,,,,,,,,,,,,,smd_tape,8_mm,1_5_mm,4_mm,https://github.com/oomlout/oomlout_oomp_symbol_bot/tree/main/symbols/kicad_device_r,oomp_kicad_device_r,oomlout_oomp_symbol_bot/symbols/kicad_device_r//working/working.kicad_sym,0,Uniroyal,0603WAJ0102T5E,,manufacturer_uniroyal,Uniroyal,0603WAF1001T5E,,manufacturer_uniroyal,,,,,Yageo,RC0603JR-071KL,https://www.yageo.com/en/Chart/Download/pdf/RC0603JR-071KL,manufacturer_yageo,"did this one first, but not in jlc pcb basic parts and 1 percent are and they are the same price",not in jlc basic parts,"{'reason': 'did this one first, but not in jlc pcb basic parts and 1 percent are and they are the same price', 'reason_short': 'not in jlc basic parts'}",in the jlc basic parts catalogue,jlc basic part,"{'reason': 'in the jlc basic parts catalogue', 'reason_short': 'jlc basic part'}",yageo is a commonly cross referenced part number,available everywhere,"{'reason': 'yageo is a commonly cross referenced part number', 'reason_short': 'available everywhere'}",,,,
electronic_socket_usb_mini_surface_mount_only,scumnsmo,electronic,socket,usb_mini,,surface_mount_only,,,,,,,ELECTRONIC,Electronic,e,E,SOCKET,Socket,s,S,USB_MINI,Usb Mini,u,U,,,,,SURFACE_MOUNT_ONLY,Surface Mount Only,s,S,,,,,,,,,,,,,socket_usb_mini_surface_mount_only,usb_mini_surface_mount_only,surface_mount_only,oomp_electronic_socket_usb_mini_surface_mount_only,https://github.com/oomlout/oomlout_oomp_part_src/tree/main/parts/electronic_socket_usb_mini_surface_mount_only/working,parts/electronic_socket_usb_mini_surface_mount_only,Electronic Socket Usb Mini Surface Mount Only,Socket Usb Mini Surface Mount Only,Usb Mini Surface Mount Only,Surface Mount Only,SCUMNSMO,34c5c0be3324508572b94f980c1c9606,34c5c,34C5C,34c5c0,34C5C0,224lc,224LC,34c5c0be33,34C5C0BE33,,,, ,Surface Mount Only, , ,[electronic_socket_usb_mini_surface_mount_only](https://github.com/oomlout/oomlout_oomp_part_src/tree/main/parts/electronic_socket_usb_mini_surface_mount_only/working)<br>[scumnsmo](https://github.com/oomlout/oomlout_oomp_part_src/tree/main/parts/electronic_socket_usb_mini_surface_mount_only/working)<br>[Electronic Socket Usb Mini Surface Mount Only](https://github.com/oomlout/oomlout_oomp_part_src/tree/main/parts/electronic_socket_usb_mini_surface_mount_only/working)<br>[LCSC - C91144<br>](https://lcsc.com/product-detail/C91144.html)<br>[Korean Hroparts Elec - U-M-M5SS-W-2]() [(L)  ](https://www.lcsc.com/search?q=U-M-M5SS-W-2)[(D)  ](https://www.digikey.com/en/products?keywords=U-M-M5SS-W-2)[(M)  ](https://www.mouser.com/Search/Refine?Keyword=U-M-M5SS-W-2)[(N)  ](https://www.newark.com/search?st=U-M-M5SS-W-2)[(SZ)  ](https://so.szlcsc.com/global.html?k=U-M-M5SS-W-2)<br>,[electronic_socket_usb_mini_surface_mount_only](https://github.com/oomlout/oomlout_oomp_part_src/tree/main/parts/electronic_socket_usb_mini_surface_mount_only/working)<br>[LCSC - C91144<br>](https://lcsc.com/product-detail/C91144.html)<br>[Korean Hroparts Elec - U-M-M5SS-W-2](),https://github.com/oomlout/oomlout_oomp_footprint_bot/tree/main/foootprntss/kicad_connector_usb_usb_mini_b_wuerth_65100516121_horizontal,oomp_kicad_connector_usb_usb_mini_b_wuerth_65100516121_horizontal,oomlout_oomp_footprint_bot/footprints/kicad_connector_usb_usb_mini_b_wuerth_65100516121_horizontal//working/working.kicad_mod,0,vbus,1,power,"{'name': 'vbus', 'number': '1', 'type': 'power'}",usb_negative,2,signal,"{'name': 'usb_negative', 'number': '2', 'type': 'signal'}",usb_positive,3,signal,"{'name': 'usb_positive', 'number': '3', 'type': 'signal'}",id,4,signal,"{'name': 'id', 'number': '4', 'type': 'signal'}",gnd,5,power,"{'name': 'gnd', 'number': '5', 'type': 'power'}",shield,6,signal,"{'name': 'shield', 'number': '6', 'type': 'signal'}",,,,,,,,,,,,,,,,,,,,,,,,,,,,,,,,,,,,,,,,,,,,,,,,,,,,,,,,,,,,,,,,,,,,,,,,,,,,,,,,,,,,,,,,,,,,,,,,,"{'pin_1': {'name': 'vbus', 'number': '1', 'type': 'power'}, 'pin_2': {'name': 'usb_negative', 'number': '2', 'type': 'signal'}, 'pin_3': {'name': 'usb_positive', 'number': '3', 'type': 'signal'}, 'pin_4': {'name': 'id', 'number': '4', 'type': 'signal'}, 'pin_5': {'name': 'gnd', 'number': '5', 'type': 'power'}, 'pin_6': {'name': 'shield', 'number': '6', 'type': 'signal'}}",LCSC,C91144,https://lcsc.com/product-detail/C91144.html,distributor_lcsc,,,,,https://github.com/oomlout/oomlout_oomp_symbol_bot/tree/main/symbols/kicad_connector_usb_b_mini,oomp_kicad_connector_usb_b_mini,oomlout_oomp_symbol_bot/symbols/kicad_connector_usb_b_mini//working/working.kicad_sym,0,Korean Hroparts Elec,U-M-M5SS-W-2,,manufacturer_korean_hroparts_elec,,,,,,,,,,,,,,,,,,,,,,,,,
